id,name,gender,region,district,society,community,contact,age,education_level,farm_size,crops_grown,status,join_date,deleted,created_at,updated_at
55e346c5-0df0-4b5a-8992-9e2f96dbecb7,"Rejoyce",Female,"Ashanti","Sekyere South","Nkapiem",,,22,,5,[],Active,2026-02-21T21:43:26.310Z,false,2026-02-21T21:43:26.310Z,2026-02-21T21:43:26.310Z
5a220d68-ead0-4625-ba12-8d964d798486,"Eunice",Female,"Ashanti","Sekyere South","Nkapiem",,,22,,5,[],Active,2026-02-21T21:43:26.310Z,false,2026-02-21T21:43:26.310Z,2026-02-21T21:43:26.310Z
3b0e67d2-acb1-4973-9df5-89649d310439,"Tokro",Female,"Ashanti","Sekyere South","Nkapiem",,,22,,4,[],Active,2026-02-21T21:43:26.310Z,false,2026-02-21T21:43:26.310Z,2026-02-21T21:43:26.310Z
e3e18c39-eb2f-4cb6-8fc6-340ea5d43fbf,"David",Male,"Ashanti","Sekyere South","Nkapiem",,,22,,4,[],Active,2026-02-21T21:43:26.310Z,false,2026-02-21T21:43:26.310Z,2026-02-21T21:43:26.310Z
f2ee7ab0-6038-4cce-8d2f-346c8f0bc6f0,"Comfort",Female,"Ashanti","Sekyere South","Nkapiem",,,22,,2,[],Active,2026-02-21T21:43:26.310Z,false,2026-02-21T21:43:26.310Z,2026-02-21T21:43:26.310Z
b401a057-c514-4494-882f-69b63eb82de0,"Stephen",Male,"Ashanti","Sekyere South","Nkapiem",,,22,,5,[],Active,2026-02-21T21:43:26.310Z,false,2026-02-21T21:43:26.310Z,2026-02-21T21:43:26.310Z
1c894975-470b-406f-9253-a9bfb69c46b3,"Comfort",Female,"Ashanti","Sekyere South","Nkapiem",,,22,,4,[],Active,2026-02-21T21:43:26.310Z,false,2026-02-21T21:43:26.310Z,2026-02-21T21:43:26.310Z
15a00556-3243-4bbe-bebe-86b3e8d98826,"Akos",Female,"Ashanti","Sekyere South","Nkapiem",,,22,,5,[],Active,2026-02-21T21:43:26.310Z,false,2026-02-21T21:43:26.310Z,2026-02-21T21:43:26.310Z
1e5125f1-5985-44f9-b529-0f970fedd6e3,"Kojo",Male,"Ashanti","Sekyere South","Nkapiem",,,22,,6,[],Active,2026-02-21T21:43:26.310Z,false,2026-02-21T21:43:26.310Z,2026-02-21T21:43:26.310Z
d22c1939-44dd-4c33-84a7-c7af3a393c3f,"Stephen",Male,"Ashanti","Sekyere South","Nkapiem",,,22,,7,[],Active,2026-02-21T21:43:26.310Z,false,2026-02-21T21:43:26.310Z,2026-02-21T21:43:26.310Z
0f1306be-a819-4cfe-8b87-68df0a9a98d4,"Francis",Male,"Ashanti","Sekyere South","Nkapiem",,,22,,8,[],Active,2026-02-21T21:43:26.310Z,false,2026-02-21T21:43:26.310Z,2026-02-21T21:43:26.310Z
33b33f53-34de-4231-b5ab-7f32c2c05ea7,"Faustina",Female,"Ashanti","Sekyere South","Nkapiem",,,22,,2,[],Active,2026-02-21T21:43:26.310Z,false,2026-02-21T21:43:26.310Z,2026-02-21T21:43:26.310Z
7f17c399-80b9-40cf-a75e-8bf2c3f4eeed,"Emmanuel",Male,"Ashanti","Sekyere South","Miawoani",,,22,,6,[],Active,2026-02-21T21:43:26.310Z,false,2026-02-21T21:43:26.310Z,2026-02-21T21:43:26.310Z
7e024f49-300f-427d-bc7a-fef26767d004,"Samuel",Male,"Ashanti","Sekyere South","Miawoani",,,22,,6,[],Active,2026-02-21T21:43:26.310Z,false,2026-02-21T21:43:26.310Z,2026-02-21T21:43:26.310Z
f921ca49-367d-4f8b-b3bc-a3f156cea4ba,"Jonas",Male,"Ashanti","Sekyere South","Miawoani",,,22,,3,[],Active,2026-02-21T21:43:26.310Z,false,2026-02-21T21:43:26.310Z,2026-02-21T21:43:26.310Z
72bc3b4a-88db-4524-b67c-eab8fb04f847,"Abraham",Male,"Ashanti","Sekyere South","Miawoani",,,22,,7,[],Active,2026-02-21T21:43:26.310Z,false,2026-02-21T21:43:26.310Z,2026-02-21T21:43:26.310Z
6f38ed6c-070d-4f98-a39c-eae6f97d94fb,"Isaac",Male,"Ashanti","Sekyere South","Miawoani",,,22,,6,[],Active,2026-02-21T21:43:26.310Z,false,2026-02-21T21:43:26.310Z,2026-02-21T21:43:26.310Z
1481aeda-16e9-43a7-a009-e0666a2c7a88,"Emmanuel",Male,"Ashanti","Sekyere South","Miawoani",,,22,,9,[],Active,2026-02-21T21:43:26.310Z,false,2026-02-21T21:43:26.310Z,2026-02-21T21:43:26.310Z
57bfb352-a4cf-49ca-bd96-f398c7dea299,"John",Male,"Ashanti","Sekyere South","Miawoani",,,25,,4,[],Active,2026-02-21T21:43:26.310Z,false,2026-02-21T21:43:26.310Z,2026-02-21T21:43:26.310Z
615246a9-fb21-4fe2-9407-d046d59eaaea,"Nii",Male,"Ashanti","Sekyere South","Miawoani",,,25,,6,[],Active,2026-02-21T21:43:26.310Z,false,2026-02-21T21:43:26.310Z,2026-02-21T21:43:26.310Z
02be8f46-45b7-4e38-9b85-6a709930ae63,"Christiana",Female,"Ashanti","Sekyere South","Miawoani",,,25,,7,[],Active,2026-02-21T21:43:26.310Z,false,2026-02-21T21:43:26.310Z,2026-02-21T21:43:26.310Z
ae5e33af-33c5-4101-ab41-f54fddd97ac6,"Dora",Female,"Ashanti","Sekyere South","Miawoani",,,25,,7,[],Active,2026-02-21T21:43:26.310Z,false,2026-02-21T21:43:26.310Z,2026-02-21T21:43:26.310Z
83a95269-100a-4575-b6c3-2648ee961f94,"Victoria",Female,"Ashanti","Sekyere South","Miawoani",,,25,,6,[],Active,2026-02-21T21:43:26.310Z,false,2026-02-21T21:43:26.310Z,2026-02-21T21:43:26.310Z
45cfaab8-ca1d-4dd8-91e5-47c10bfdcfe0,"Margaret",Female,"Ashanti","Sekyere South","Miawoani",,,29,,4,[],Active,2026-02-21T21:43:26.310Z,false,2026-02-21T21:43:26.310Z,2026-02-21T21:43:26.310Z
09fdbf29-a1bf-40e8-b3b7-6e15c1d3674d,"Rebecca",Female,"Ashanti","Sekyere South","Miawoani",,,29,,3,[],Active,2026-02-21T21:43:26.310Z,false,2026-02-21T21:43:26.310Z,2026-02-21T21:43:26.310Z
f76b7f52-fe13-4649-b01f-ef570009c9c3,"David",Male,"Ashanti","Sekyere South","Miawoani",,,29,,5,[],Active,2026-02-21T21:43:26.310Z,false,2026-02-21T21:43:26.310Z,2026-02-21T21:43:26.310Z
8d0af881-b0d6-46ed-8d8c-4662ea62edad,"Faustina",Female,"Ashanti","Sekyere South","Miawoani",,,29,,3,[],Active,2026-02-21T21:43:26.310Z,false,2026-02-21T21:43:26.310Z,2026-02-21T21:43:26.310Z
c4243319-315b-4768-a950-8e23df963446,"Agnes",Female,"Ashanti","Sekyere South","Miawoani",,,29,,8,[],Active,2026-02-21T21:43:26.310Z,false,2026-02-21T21:43:26.310Z,2026-02-21T21:43:26.310Z
5f1718a2-327a-4646-914a-74cb2ac2a6d8,"David",Male,"Ashanti","Sekyere South","Miawoani",,,29,,2,[],Active,2026-02-21T21:43:26.310Z,false,2026-02-21T21:43:26.310Z,2026-02-21T21:43:26.310Z
bf6ce60b-a827-4767-81f5-9bacb4bc312f,"Janet",Female,"Ashanti","Sekyere South","Miawoani",,,30,,7,[],Active,2026-02-21T21:43:26.310Z,false,2026-02-21T21:43:26.310Z,2026-02-21T21:43:26.310Z
dece9206-800b-4711-ae5b-fe5fc23a87e3,"Stephen",Male,"Ashanti","Sekyere South","Kwabaa Ici",,,30,,7,[],Active,2026-02-21T21:43:26.310Z,false,2026-02-21T21:43:26.310Z,2026-02-21T21:43:26.310Z
c740bc61-560e-4a58-8009-671fab0ac9a5,"Graham",Male,"Ashanti","Sekyere South","Kwabaa Ici",,,30,,7,[],Active,2026-02-21T21:43:26.310Z,false,2026-02-21T21:43:26.310Z,2026-02-21T21:43:26.310Z
dfb29ee1-fee6-462a-8802-7d5dbf430e61,"Rebecca",Female,"Ashanti","Sekyere South","Kwabaa Ici",,,31,,4,[],Active,2026-02-21T21:43:26.310Z,false,2026-02-21T21:43:26.310Z,2026-02-21T21:43:26.310Z
f119f72f-7ffb-4e77-99fc-d3ec238dcb64,"Ebenezer",Male,"Ashanti","Sekyere South","Kwabaa Ici",,,32,,5,[],Active,2026-02-21T21:43:26.310Z,false,2026-02-21T21:43:26.310Z,2026-02-21T21:43:26.310Z
e7750ac1-2be8-4731-88c1-2adea913fccb,"Agnes",Female,"Ashanti","Sekyere South","Kwabaa Ici",,,30,,6,[],Active,2026-02-21T21:43:26.310Z,false,2026-02-21T21:43:26.310Z,2026-02-21T21:43:26.310Z
5467be74-ddac-4e5e-a17a-5003630cad45,"Benjamin",Male,"Ashanti","Sekyere South","Kwabaa Ici",,,33,,4,[],Active,2026-02-21T21:43:26.310Z,false,2026-02-21T21:43:26.310Z,2026-02-21T21:43:26.310Z
1dce4734-f62b-47f1-8fdb-60ce749a8a19,"Agnes",Female,"Ashanti","Sekyere South","Kwabaa Ici",,,32,,4,[],Active,2026-02-21T21:43:26.310Z,false,2026-02-21T21:43:26.310Z,2026-02-21T21:43:26.310Z
a8482471-6fbe-4528-b0d7-81e26776073f,"Tommy",Male,"Ashanti","Sekyere South","Kwabaa Ici",,,22,,6,[],Active,2026-02-21T21:43:26.310Z,false,2026-02-21T21:43:26.310Z,2026-02-21T21:43:26.310Z
22a911c2-4432-4d43-bba0-e12dc1837f41,"Paul",Male,"Ashanti","Sekyere South","Kwabaa Ici",,,22,,7,[],Active,2026-02-21T21:43:26.310Z,false,2026-02-21T21:43:26.310Z,2026-02-21T21:43:26.310Z
5dbe7c8c-c631-44c1-a57a-08c57c2944a2,"Francis",Male,"Ashanti","Sekyere South","Kwabaa Ici",,,22,,7,[],Active,2026-02-21T21:43:26.310Z,false,2026-02-21T21:43:26.310Z,2026-02-21T21:43:26.310Z
50a1e037-71aa-4c35-932e-ac32e58144b6,"Emmanuel Anyaku",Male,"Ashanti","Sekyere South","Kwabaa Ici",,,22,,5,[],Active,2026-02-21T21:43:26.310Z,false,2026-02-21T21:43:26.310Z,2026-02-21T21:43:26.310Z
778627cc-2687-4ce1-80c2-4ee46816270a,"Pantsiwah",Female,"Ashanti","Sekyere South","Kwabaa Ici",,,28,,6,[],Active,2026-02-21T21:43:26.310Z,false,2026-02-21T21:43:26.310Z,2026-02-21T21:43:26.310Z
d0c097f2-b296-4d3f-9717-fcbed59a74fd,"David",Male,"Ashanti","Sekyere South","Kwabaa Ici",,,29,,4,[],Active,2026-02-21T21:43:26.310Z,false,2026-02-21T21:43:26.310Z,2026-02-21T21:43:26.310Z
798adc3c-c81c-4a6a-b014-28c21558a12c,"Isaac",Male,"Ashanti","Sekyere South","Kwabaa Ici",,,28,,3,[],Active,2026-02-21T21:43:26.310Z,false,2026-02-21T21:43:26.310Z,2026-02-21T21:43:26.310Z
8d8d8707-bb3c-435e-b0b3-2d4ded4daf7d,"Kofi",Male,"Ashanti","Sekyere South","Kwabaa Ici",,,21,,6,[],Active,2026-02-21T21:43:26.310Z,false,2026-02-21T21:43:26.310Z,2026-02-21T21:43:26.310Z
148247a0-d7fe-4fe5-b50b-7592fd6fd5dc,"Mary I",Female,"Ashanti","Sekyere South","Kwabaa Ici",,,28,,6,[],Active,2026-02-21T21:43:26.310Z,false,2026-02-21T21:43:26.310Z,2026-02-21T21:43:26.310Z
370d7974-7daf-46fa-8103-b510024d1354,"Abena",Female,"Ashanti","Sekyere South","Kwabaa Ici",,,22,,6,[],Active,2026-02-21T21:43:26.310Z,false,2026-02-21T21:43:26.310Z,2026-02-21T21:43:26.310Z
426cb07d-26b4-4099-a3a3-3211c015c52f,"Essel",Male,"Ashanti","Sekyere South","Kwabaa Ici",,,22,,6,[],Active,2026-02-21T21:43:26.310Z,false,2026-02-21T21:43:26.310Z,2026-02-21T21:43:26.310Z
80a28475-e81a-4ce7-890e-2ccc8c016f10,"Daniel",Male,"Ashanti","Sekyere South","Kwabaa Ici",,,22,,6,[],Active,2026-02-21T21:43:26.310Z,false,2026-02-21T21:43:26.310Z,2026-02-21T21:43:26.310Z
e67e2c67-8c70-4c03-a1ff-1580a57d1a92,"Patience",Female,"Ashanti","Sekyere South","Kwabaa Ici",,,22,,5,[],Active,2026-02-21T21:43:26.310Z,false,2026-02-21T21:43:26.310Z,2026-02-21T21:43:26.310Z
5450f005-1e56-4da2-8d94-7674a9f87275,"James",Male,"Ashanti","Sekyere South","Kwabaa Ccp",,,22,,7,[],Active,2026-02-21T21:43:26.310Z,false,2026-02-21T21:43:26.310Z,2026-02-21T21:43:26.310Z
2f725922-cde6-4d5a-a80c-70f74c76639b,"Divine",Male,"Ashanti","Sekyere South","Kwabaa Ccp",,,22,,4,[],Active,2026-02-21T21:43:26.310Z,false,2026-02-21T21:43:26.310Z,2026-02-21T21:43:26.310Z
76e34591-02f8-4c7c-ae01-e59cff0e505a,"Joseph Kofi",Male,"Ashanti","Sekyere South","Kwabaa Ccp",,,22,,5,[],Active,2026-02-21T21:43:26.310Z,false,2026-02-21T21:43:26.310Z,2026-02-21T21:43:26.310Z
c617eed3-9b98-4d97-af33-ccd1b531e5f0,"Stephen",Male,"Ashanti","Sekyere South","Kwabaa Ccp",,,22,,7,[],Active,2026-02-21T21:43:26.310Z,false,2026-02-21T21:43:26.310Z,2026-02-21T21:43:26.310Z
ba67c8d6-f7e7-4b2a-8ea1-ba2730686c61,"Kingsford",Male,"Ashanti","Sekyere South","Kwabaa Ccp",,,22,,6,[],Active,2026-02-21T21:43:26.310Z,false,2026-02-21T21:43:26.310Z,2026-02-21T21:43:26.310Z
2abd5278-d330-4242-b3a7-1bdcb0638b33,"Agnes",Female,"Ashanti","Sekyere South","Kwabaa Ccp",,,22,,5,[],Active,2026-02-21T21:43:26.310Z,false,2026-02-21T21:43:26.310Z,2026-02-21T21:43:26.310Z
7bb35a32-42b6-442f-b57f-4a7697854ad8,"Stephen",Male,"Ashanti","Sekyere South","Kwabaa Ccp",,,22,,3,[],Active,2026-02-21T21:43:26.310Z,false,2026-02-21T21:43:26.310Z,2026-02-21T21:43:26.310Z
e7fafc64-d9fa-485c-b795-1ffebe3ee7f3,"Francis",Male,"Ashanti","Sekyere South","Kwabaa Ccp",,,22,,5,[],Active,2026-02-21T21:43:26.310Z,false,2026-02-21T21:43:26.310Z,2026-02-21T21:43:26.310Z
5dcd7508-59ac-466f-beaf-4467980beb80,"John",Male,"Ashanti","Sekyere South","Kwabaa Ccp",,,27,,5,[],Active,2026-02-21T21:43:26.310Z,false,2026-02-21T21:43:26.310Z,2026-02-21T21:43:26.310Z
044a5204-5634-45b5-9422-cedc235f4bcf,"Aba",Female,"Ashanti","Sekyere South","Kwabaa Ccp",,,27,,2,[],Active,2026-02-21T21:43:26.310Z,false,2026-02-21T21:43:26.310Z,2026-02-21T21:43:26.310Z
a79b6d71-17a3-4670-beb7-53294e492224,"Kwabena",Male,"Ashanti","Sekyere South","Kwabaa Ccp",,,27,,4,[],Active,2026-02-21T21:43:26.310Z,false,2026-02-21T21:43:26.310Z,2026-02-21T21:43:26.310Z
1a56161d-c3a9-4f93-8416-e47d059c8f7c,"Lucy",Female,"Ashanti","Sekyere South","Kwabaa Ccp",,,27,,5,[],Active,2026-02-21T21:43:26.310Z,false,2026-02-21T21:43:26.310Z,2026-02-21T21:43:26.310Z
bc6cef87-4118-476c-9e3e-8e38d6953194,"Eva",Female,"Ashanti","Sekyere South","Kwabaa Ccp",,,27,,5,[],Active,2026-02-21T21:43:26.310Z,false,2026-02-21T21:43:26.310Z,2026-02-21T21:43:26.310Z
33e06a15-7c70-48d3-8f0f-d45350ca1e2a,"Esther",Female,"Ashanti","Sekyere South","Kwabaa Ccp",,,27,,5,[],Active,2026-02-21T21:43:26.310Z,false,2026-02-21T21:43:26.310Z,2026-02-21T21:43:26.310Z
60d757a0-8722-4a0d-89b2-c4dbda166527,"Abraham Tsatsu",Male,"Ashanti","Sekyere South","Kwabaa Ccp",,,27,,4,[],Active,2026-02-21T21:43:26.310Z,false,2026-02-21T21:43:26.310Z,2026-02-21T21:43:26.310Z
247ae705-c664-4986-8a4f-3fb91af48b30,"Joseph",Male,"Ashanti","Sekyere South","Kwabaa Ccp",,,27,,4,[],Active,2026-02-21T21:43:26.310Z,false,2026-02-21T21:43:26.310Z,2026-02-21T21:43:26.310Z
4e8a6d7b-7c5b-406a-8258-dbb1627b02fa,"Emmanuel",Male,"Ashanti","Sekyere South","Kwabaa Ccp",,,27,,2,[],Active,2026-02-21T21:43:26.310Z,false,2026-02-21T21:43:26.310Z,2026-02-21T21:43:26.310Z
6504b5c8-6e6e-45a9-a5f8-8fa3aac13147,"John Frank",Male,"Ashanti","Sekyere South","Kwabaa Ccp",,,27,,7,[],Active,2026-02-21T21:43:26.310Z,false,2026-02-21T21:43:26.310Z,2026-02-21T21:43:26.310Z
888a1e4f-5972-4c40-9996-729b5c46082b,"Ekua",Female,"Ashanti","Sekyere South","Kwabaa Ccp",,,27,,5,[],Active,2026-02-21T21:43:26.310Z,false,2026-02-21T21:43:26.310Z,2026-02-21T21:43:26.310Z
97be47a0-178d-44a2-bf83-e81b36ac84c2,"Awine",Male,"Ashanti","Sekyere South","Kwabaa Ccp",,,27,,7,[],Active,2026-02-21T21:43:26.310Z,false,2026-02-21T21:43:26.310Z,2026-02-21T21:43:26.310Z
54e2dbda-f5c6-48e9-9fa5-1b51a09222c5,"Kwesi",Male,"Ashanti","Sekyere South","Kwabaa Ccp",,,27,,5,[],Active,2026-02-21T21:43:26.310Z,false,2026-02-21T21:43:26.310Z,2026-02-21T21:43:26.310Z
5ee36a99-519f-4ecd-b9e7-bf929a21f366,"Rockson",Male,"Ashanti","Sekyere South","Kwabaa Ccp",,,27,,4,[],Active,2026-02-21T21:43:26.310Z,false,2026-02-21T21:43:26.310Z,2026-02-21T21:43:26.310Z
b45003e4-fdc6-4499-9cf4-471f23d4b6a9,"Kwame",Male,"Ashanti","Sekyere South","Kwabaa Ccp",,,27,,5,[],Active,2026-02-21T21:43:26.310Z,false,2026-02-21T21:43:26.310Z,2026-02-21T21:43:26.310Z
44279764-635e-4beb-93d3-f4e20aface24,"Ekua",Male,"Ashanti","Sekyere South","Kwabaa Ccp",,,27,,4,[],Active,2026-02-21T21:43:26.310Z,false,2026-02-21T21:43:26.310Z,2026-02-21T21:43:26.310Z
de1dfa44-6803-49f4-bc69-180cf933ef65,"Ben",Male,"Ashanti","Sekyere South","Kwabaa Ccp",,,27,,9,[],Active,2026-02-21T21:43:26.310Z,false,2026-02-21T21:43:26.310Z,2026-02-21T21:43:26.310Z
9c9a89db-a74b-40af-b9fd-c0843fcc45a6,"Kwesi",Male,"Ashanti","Sekyere South","Essumankrom",,,27,,4,[],Active,2026-02-21T21:43:26.310Z,false,2026-02-21T21:43:26.310Z,2026-02-21T21:43:26.310Z
d2ad9511-6e16-4f9f-b7c8-d30f260d5755,"Kobina",Male,"Ashanti","Sekyere South","Essumankrom",,,27,,4,[],Active,2026-02-21T21:43:26.310Z,false,2026-02-21T21:43:26.310Z,2026-02-21T21:43:26.310Z
8f553552-b2f0-40a4-b3a0-99cd73564fef,"Charles",Male,"Ashanti","Sekyere South","Essumankrom",,,27,,5,[],Active,2026-02-21T21:43:26.310Z,false,2026-02-21T21:43:26.310Z,2026-02-21T21:43:26.310Z
2a5bc0c7-30fa-40cd-941b-e73fbef21616,"Sepeh",Male,"Ashanti","Sekyere South","Essumankrom",,,27,,6,[],Active,2026-02-21T21:43:26.310Z,false,2026-02-21T21:43:26.310Z,2026-02-21T21:43:26.310Z
bc048ebd-fbcd-48e1-b14d-9593a9d53195,"Bright",Male,"Ashanti","Sekyere South","Essumankrom",,,27,,5,[],Active,2026-02-21T21:43:26.310Z,false,2026-02-21T21:43:26.310Z,2026-02-21T21:43:26.310Z
57ea17df-0480-4688-afc3-d9cdc28fa3c9,"Dora",Female,"Ashanti","Sekyere South","Essumankrom",,,27,,6,[],Active,2026-02-21T21:43:26.310Z,false,2026-02-21T21:43:26.310Z,2026-02-21T21:43:26.310Z
c50815ee-3607-4d65-aafd-935ff7ea0872,"Donne",Male,"Ashanti","Sekyere South","Essumankrom",,,27,,7,[],Active,2026-02-21T21:43:26.310Z,false,2026-02-21T21:43:26.310Z,2026-02-21T21:43:26.310Z
2a3d670c-b8cf-4119-a714-5b7fa452bc09,"Kwame",Male,"Ashanti","Sekyere South","Essumankrom",,,27,,7,[],Active,2026-02-21T21:43:26.310Z,false,2026-02-21T21:43:26.310Z,2026-02-21T21:43:26.310Z
f43d8081-0d5e-4de6-9efe-707c27d5eba9,"Nyonyoge",Female,"Ashanti","Sekyere South","Essumankrom",,,27,,8,[],Active,2026-02-21T21:43:26.310Z,false,2026-02-21T21:43:26.310Z,2026-02-21T21:43:26.310Z
d826e6ce-e30a-4a85-bbce-3a32cc0b7700,"Grace",Female,"Ashanti","Sekyere South","Essumankrom",,,27,,5,[],Active,2026-02-21T21:43:26.310Z,false,2026-02-21T21:43:26.310Z,2026-02-21T21:43:26.310Z
e2ae5c15-1623-4371-a50d-306cd161353c,"James",Male,"Ashanti","Sekyere South","Essumankrom",,,27,,2,[],Active,2026-02-21T21:43:26.310Z,false,2026-02-21T21:43:26.310Z,2026-02-21T21:43:26.310Z
c317ef58-29f6-41dc-b55f-9c236d876820,"Israel",Male,"Ashanti","Sekyere South","Essumankrom",,,27,,4,[],Active,2026-02-21T21:43:26.310Z,false,2026-02-21T21:43:26.310Z,2026-02-21T21:43:26.310Z
4976d183-b4ce-474e-88b9-b7aab7f455a1,"Janet",Female,"Ashanti","Sekyere South","Essumankrom",,,27,,4,[],Active,2026-02-21T21:43:26.310Z,false,2026-02-21T21:43:26.310Z,2026-02-21T21:43:26.310Z
baba6fda-e2a1-45e0-864a-3719fe59f031,"Yaw",Male,"Ashanti","Sekyere South","Essumankrom",,,27,,7,[],Active,2026-02-21T21:43:26.310Z,false,2026-02-21T21:43:26.310Z,2026-02-21T21:43:26.310Z
c1e969b6-360e-41ec-ac3c-c06caa908d2c,"Kidisu",Male,"Ashanti","Sekyere South","Essumankrom",,,27,,4,[],Active,2026-02-21T21:43:26.310Z,false,2026-02-21T21:43:26.310Z,2026-02-21T21:43:26.310Z
4bc8b040-58af-4409-97ea-2fa291ebe48c,"Francis",Male,"Ashanti","Sekyere South","Essumankrom",,,27,,6,[],Active,2026-02-21T21:43:26.310Z,false,2026-02-21T21:43:26.310Z,2026-02-21T21:43:26.310Z
41e8e055-5c37-4881-b4b0-680acba36c35,"Enock",Male,"Ashanti","Sekyere South","Essumankrom",,,27,,7,[],Active,2026-02-21T21:43:26.310Z,false,2026-02-21T21:43:26.310Z,2026-02-21T21:43:26.310Z
342599dc-1437-4d88-a6cc-43b9466a20e2,"Abraham Nashal",Male,"Ashanti","Sekyere South","Essumankrom",,,27,,7,[],Active,2026-02-21T21:43:26.310Z,false,2026-02-21T21:43:26.310Z,2026-02-21T21:43:26.310Z
7c56e694-f9f2-45d2-8548-db2bbf896135,"Patrick",Male,"Ashanti","Sekyere South","Essumankrom",,,27,,9,[],Active,2026-02-21T21:43:26.310Z,false,2026-02-21T21:43:26.310Z,2026-02-21T21:43:26.310Z
f5464863-3b8e-400a-94b3-fdef1b51a031,"Mark",Male,"Ashanti","Sekyere South","Kofi Ashia",,,27,,3,[],Active,2026-02-21T21:43:26.310Z,false,2026-02-21T21:43:26.310Z,2026-02-21T21:43:26.310Z
bbaac826-cdb7-49a5-af33-db9c1b4f3098,"Bala",Male,"Ashanti","Sekyere South","Kofi Ashia",,,27,,7,[],Active,2026-02-21T21:43:26.310Z,false,2026-02-21T21:43:26.310Z,2026-02-21T21:43:26.310Z
17c689a7-f7f6-453a-908e-208abdd32e4b,"Mohammed",Male,"Ashanti","Sekyere South","Kofi Ashia",,,27,,5,[],Active,2026-02-21T21:43:26.310Z,false,2026-02-21T21:43:26.310Z,2026-02-21T21:43:26.310Z
1a032694-d5b9-44cf-a414-436f00e04f01,"Kwame",Male,"Ashanti","Sekyere South","Kofi Ashia",,,27,,7,[],Active,2026-02-21T21:43:26.310Z,false,2026-02-21T21:43:26.310Z,2026-02-21T21:43:26.310Z
05be00d6-e985-40ee-812b-82a3163535c7,"Thomas",Male,"Ashanti","Sekyere South","Kofi Ashia",,,27,,2,[],Active,2026-02-21T21:43:26.310Z,false,2026-02-21T21:43:26.310Z,2026-02-21T21:43:26.310Z
61006202-39ce-4c9f-9067-2475bdfa1181,"Solomon",Male,"Ashanti","Sekyere South","Kofi Ashia",,,27,,5,[],Active,2026-02-21T21:43:26.310Z,false,2026-02-21T21:43:26.310Z,2026-02-21T21:43:26.310Z
7faf0a14-2a7f-49d9-8bb2-a3c582eb3935,"James",Male,"Ashanti","Sekyere South","Kofi Ashia",,,27,,5,[],Active,2026-02-21T21:43:26.310Z,false,2026-02-21T21:43:26.310Z,2026-02-21T21:43:26.310Z
22815988-a98d-4ecd-b3e8-bf5eeeefc997,"David",Male,"Ashanti","Sekyere South","Kofi Ashia",,,27,,8,[],Active,2026-02-21T21:43:26.310Z,false,2026-02-21T21:43:26.310Z,2026-02-21T21:43:26.310Z
91cef23b-cd8f-4ca2-87e9-a3c0ca6c4bd0,"Kwabena",Male,"Ashanti","Sekyere South","Kofi Ashia",,,27,,1,[],Active,2026-02-21T21:43:26.310Z,false,2026-02-21T21:43:26.310Z,2026-02-21T21:43:26.310Z
22488328-24bf-4e2d-88ea-eaca856946f4,"Kwesi",Male,"Ashanti","Sekyere South","Kofi Ashia",,,27,,7,[],Active,2026-02-21T21:43:26.310Z,false,2026-02-21T21:43:26.310Z,2026-02-21T21:43:26.310Z
bf5ee57e-8f5b-4449-a7fe-0e89f606d9ad,"Kwabena",Male,"Ashanti","Sekyere South","Kofi Ashia",,,27,,8,[],Active,2026-02-21T21:43:26.310Z,false,2026-02-21T21:43:26.310Z,2026-02-21T21:43:26.310Z
bc265aa9-ad19-4d04-9ecc-9e504b5ea0a0,"Gilmiitey",Male,"Ashanti","Sekyere South","Kofi Ashia",,,27,,5,[],Active,2026-02-21T21:43:26.310Z,false,2026-02-21T21:43:26.310Z,2026-02-21T21:43:26.310Z
7e7c03f0-51f8-4d71-aafb-1b7cfab93945,"Francis",Male,"Ashanti","Sekyere South","Kofi Ashia",,,27,,7,[],Active,2026-02-21T21:43:26.310Z,false,2026-02-21T21:43:26.310Z,2026-02-21T21:43:26.310Z
29a42fd1-3fdc-44e6-8298-8cf972351041,"Sampson",Male,"Ashanti","Sekyere South","Kofi Ashia",,,22,,7,[],Active,2026-02-21T21:43:26.310Z,false,2026-02-21T21:43:26.310Z,2026-02-21T21:43:26.310Z
0813b427-f165-4dde-bfb3-c788660b7c4a,"Alphonse",Male,"Ashanti","Sekyere South","Kofi Ashia",,,22,,8,[],Active,2026-02-21T21:43:26.310Z,false,2026-02-21T21:43:26.310Z,2026-02-21T21:43:26.310Z
82e42adc-ea98-42ed-ba31-8b7d6596615e,"Kweku",Male,"Ashanti","Sekyere South","Kofi Ashia",,,22,,9,[],Active,2026-02-21T21:43:26.310Z,false,2026-02-21T21:43:26.310Z,2026-02-21T21:43:26.310Z
972efe4d-144a-44c3-9753-6f24fd018ae4,"Darpoyiri",Male,"Ashanti","Sekyere South","Kofi Ashia",,,22,,8,[],Active,2026-02-21T21:43:26.310Z,false,2026-02-21T21:43:26.310Z,2026-02-21T21:43:26.310Z
f3ab6d28-b406-434e-8b77-58941d1245ea,"Frank",Male,"Ashanti","Sekyere South","Kofi Ashia",,,22,,5,[],Active,2026-02-21T21:43:26.310Z,false,2026-02-21T21:43:26.310Z,2026-02-21T21:43:26.310Z
573a6978-9ef9-4308-92e2-701034d905cf,"Daniel",Male,"Ashanti","Sekyere South","Kofi Ashia",,,22,,2,[],Active,2026-02-21T21:43:26.310Z,false,2026-02-21T21:43:26.310Z,2026-02-21T21:43:26.310Z
e1079d15-9aa0-49fe-a1e6-9dc0065b7cd8,"Isaac",Male,"Ashanti","Sekyere South","Kofi Ashia",,,22,,4,[],Active,2026-02-21T21:43:26.310Z,false,2026-02-21T21:43:26.310Z,2026-02-21T21:43:26.310Z
bd336ba0-d1b9-4c17-997d-31c7f61abf82,"Grace",Female,"Ashanti","Sekyere South","Kofi Ashia",,,22,,8,[],Active,2026-02-21T21:43:26.310Z,false,2026-02-21T21:43:26.310Z,2026-02-21T21:43:26.310Z
11bad50e-3c47-4d25-a2fa-ef52acaeb70b,"James",Male,"Ashanti","Sekyere South","Kofi Ashia",,,22,,7,[],Active,2026-02-21T21:43:26.310Z,false,2026-02-21T21:43:26.310Z,2026-02-21T21:43:26.310Z
e676033c-fa3c-433f-ac5c-f9f68d276e17,"Malik",Male,"Ashanti","Sekyere South","Kofi Ashia",,,22,,4,[],Active,2026-02-21T21:43:26.310Z,false,2026-02-21T21:43:26.310Z,2026-02-21T21:43:26.310Z
e1a82ce5-403f-4915-a0dc-20b93a9209d6,"Daniel",Male,"Ashanti","Sekyere South","Kofi Ashia",,,22,,7,[],Active,2026-02-21T21:43:26.310Z,false,2026-02-21T21:43:26.310Z,2026-02-21T21:43:26.310Z
479eb829-13b1-4976-8813-91776351da80,"Emmanuel",Male,"Ashanti","Sekyere South","Kofi Ashia",,,22,,8,[],Active,2026-02-21T21:43:26.310Z,false,2026-02-21T21:43:26.310Z,2026-02-21T21:43:26.310Z
3dcbec70-ccbc-486a-b01b-2f1abbd4ea8b,"Emmanuel",Male,"Ashanti","Sekyere South","Kofi Ashia",,,22,,6,[],Active,2026-02-21T21:43:26.310Z,false,2026-02-21T21:43:26.310Z,2026-02-21T21:43:26.310Z
120f3247-e275-4abc-8198-446a69d3a8df,"Akua",Female,"Ashanti","Sekyere South","Kofi Ashia",,,22,,9,[],Active,2026-02-21T21:43:26.310Z,false,2026-02-21T21:43:26.310Z,2026-02-21T21:43:26.310Z
86c8010e-bef2-4dfb-8f69-c6f7b8377b62,"John",Male,"Ashanti","Sekyere South","Kofi Ashia",,,22,,3,[],Active,2026-02-21T21:43:26.310Z,false,2026-02-21T21:43:26.310Z,2026-02-21T21:43:26.310Z
6f695a9d-a76d-4046-bec2-853ca3c377bb,"Felicia Nmal Mwine",Female,"Ashanti","Sekyere South","Kofi Ashia",,,22,,8,[],Active,2026-02-21T21:43:26.310Z,false,2026-02-21T21:43:26.310Z,2026-02-21T21:43:26.310Z
5301bcb5-73c3-4152-99b4-7efaec14e748,"Pooni",Male,"Ashanti","Sekyere South","Kofi Ashia",,,22,,5,[],Active,2026-02-21T21:43:26.310Z,false,2026-02-21T21:43:26.310Z,2026-02-21T21:43:26.310Z
5b82af6b-c2d7-4c19-85b6-b847a7d198d5,"Addo Roy",Male,"Ashanti","Sekyere South","Essamang",,,22,,7,[],Active,2026-02-21T21:43:26.310Z,false,2026-02-21T21:43:26.310Z,2026-02-21T21:43:26.310Z
4a8a97d7-d878-4a80-83c8-6ca7d5424598,"Charles",Male,"Ashanti","Sekyere South","Essamang",,,22,,2,[],Active,2026-02-21T21:43:26.310Z,false,2026-02-21T21:43:26.310Z,2026-02-21T21:43:26.310Z
081490b8-1799-4354-9e6f-1d69287663fc,"Anthony",Male,"Ashanti","Sekyere South","Essamang",,,22,,5,[],Active,2026-02-21T21:43:26.310Z,false,2026-02-21T21:43:26.310Z,2026-02-21T21:43:26.310Z
91483d49-c482-4349-a7af-f7da0fad9ed4,"Mary",Female,"Ashanti","Sekyere South","Essamang",,,22,,5,[],Active,2026-02-21T21:43:26.310Z,false,2026-02-21T21:43:26.310Z,2026-02-21T21:43:26.310Z
5cd54048-9364-451b-99e6-9627c2132947,"Kingsford",Male,"Ashanti","Sekyere South","Essamang",,,34,,8,[],Active,2026-02-21T21:43:26.310Z,false,2026-02-21T21:43:26.310Z,2026-02-21T21:43:26.310Z
4a2fdcae-7cef-4eb6-85e7-cba7d96944e5,"Selassie",Male,"Ashanti","Sekyere South","Essamang",,,22,,4,[],Active,2026-02-21T21:43:26.310Z,false,2026-02-21T21:43:26.310Z,2026-02-21T21:43:26.310Z
abf009ff-d260-4659-b21b-237e5a253ecd,"Thomas",Male,"Ashanti","Sekyere South","Essamang",,,25,,6,[],Active,2026-02-21T21:43:26.310Z,false,2026-02-21T21:43:26.310Z,2026-02-21T21:43:26.310Z
03f10739-0f0b-48b7-be73-8527c35c3c8c,"Ama",Female,"Ashanti","Sekyere South","Essamang",,,22,,5,[],Active,2026-02-21T21:43:26.310Z,false,2026-02-21T21:43:26.310Z,2026-02-21T21:43:26.310Z
affa7d00-dae8-4d77-807b-8e5452e576ba,"Francis",Male,"Ashanti","Sekyere South","Essamang",,,22,,3,[],Active,2026-02-21T21:43:26.310Z,false,2026-02-21T21:43:26.310Z,2026-02-21T21:43:26.310Z
baa73631-0a9b-4dee-87ea-50b117ae6143,"Kofi",Male,"Ashanti","Sekyere South","Essamang",,,22,,5,[],Active,2026-02-21T21:43:26.310Z,false,2026-02-21T21:43:26.310Z,2026-02-21T21:43:26.310Z
48611873-b53b-44ba-b11d-c67b1661dde6,"Stephen",Male,"Ashanti","Sekyere South","Essamang",,,22,,6,[],Active,2026-02-21T21:43:26.310Z,false,2026-02-21T21:43:26.310Z,2026-02-21T21:43:26.310Z
69d38c37-5475-4c94-8415-66850545c841,"Yaa",Female,"Ashanti","Sekyere South","Essamang",,,22,,5,[],Active,2026-02-21T21:43:26.310Z,false,2026-02-21T21:43:26.310Z,2026-02-21T21:43:26.310Z
8f91cec6-6dcb-4d3f-81de-31f52d259ef8,"Larte Ernest Amenyo",Male,"Ashanti","Sekyere South","Essamang",,,24,,4,[],Active,2026-02-21T21:43:26.310Z,false,2026-02-21T21:43:26.310Z,2026-02-21T21:43:26.310Z
a106d557-74a4-4abf-9248-95740310bab5,"Ekua",Female,"Ashanti","Sekyere South","Essamang",,,24,,7,[],Active,2026-02-21T21:43:26.310Z,false,2026-02-21T21:43:26.310Z,2026-02-21T21:43:26.310Z
13493ee7-685a-43b1-9e1f-191afe20136b,"Adwoa",Female,"Ashanti","Sekyere South","Essamang",,,23,,9,[],Active,2026-02-21T21:43:26.310Z,false,2026-02-21T21:43:26.310Z,2026-02-21T21:43:26.310Z
39a27465-c8a4-4c0d-9934-80e1d0972514,"Stephen",Male,"Ashanti","Sekyere South","Essamang",,,24,,7,[],Active,2026-02-21T21:43:26.310Z,false,2026-02-21T21:43:26.310Z,2026-02-21T21:43:26.310Z
0e688288-a338-4081-90d2-a0bf447fc4b0,"Kwamena",Male,"Ashanti","Sekyere South","Essamang",,,21,,5,[],Active,2026-02-21T21:43:26.310Z,false,2026-02-21T21:43:26.310Z,2026-02-21T21:43:26.310Z
d0975f0b-c179-421c-9618-686df7ac9591,"Cecilia",Female,"Ashanti","Sekyere South","Essamang",,,20,,5,[],Active,2026-02-21T21:43:26.310Z,false,2026-02-21T21:43:26.310Z,2026-02-21T21:43:26.310Z
ee05f2f0-8ef5-437f-8736-776512a4f7e6,"Ekua",Female,"Ashanti","Sekyere South","Essamang",,,23,,5,[],Active,2026-02-21T21:43:26.310Z,false,2026-02-21T21:43:26.310Z,2026-02-21T21:43:26.310Z
6828fe7c-accd-4d40-a9b0-ac0add715183,"Kojo",Male,"Ashanti","Sekyere South","Essamang",,,20,,4,[],Active,2026-02-21T21:43:26.310Z,false,2026-02-21T21:43:26.310Z,2026-02-21T21:43:26.310Z
74c5354b-3c32-427b-86c9-fefb78925a5f,"Charles",Male,"Ashanti","Sekyere South","Essamang",,,32,,4,[],Active,2026-02-21T21:43:26.310Z,false,2026-02-21T21:43:26.310Z,2026-02-21T21:43:26.310Z
77fc06d7-24bc-4bab-a64e-462550d2bb37,"Kwame",Male,"Ashanti","Sekyere South","Essamang",,,31,,2,[],Active,2026-02-21T21:43:26.310Z,false,2026-02-21T21:43:26.310Z,2026-02-21T21:43:26.310Z
cd499d9e-89d9-47c4-b3ae-973961d8f789,"Joseph",Male,"Ashanti","Sekyere South","Essamang",,,33,,5,[],Active,2026-02-21T21:43:26.310Z,false,2026-02-21T21:43:26.310Z,2026-02-21T21:43:26.310Z
8119549f-c195-48cb-81d9-1458d2e66b3c,"Ama",Female,"Ashanti","Sekyere South","Essamang",,,32,,4,[],Active,2026-02-21T21:43:26.310Z,false,2026-02-21T21:43:26.310Z,2026-02-21T21:43:26.310Z
64f14872-fcfa-49bf-a9d9-ed3abbf6169c,"Ekua",Female,"Ashanti","Sekyere South","Essamang",,,32,,5,[],Active,2026-02-21T21:43:26.310Z,false,2026-02-21T21:43:26.310Z,2026-02-21T21:43:26.310Z
e8c3a9b6-d342-4443-b4a4-513299bb2a01,"Mercy",Female,"Ashanti","Sekyere South","Essamang",,,30,,6,[],Active,2026-02-21T21:43:26.310Z,false,2026-02-21T21:43:26.310Z,2026-02-21T21:43:26.310Z
97d37326-2886-4683-9777-86b26b2ed06e,"Esi",Female,"Ashanti","Sekyere South","Essamang",,,35,,7,[],Active,2026-02-21T21:43:26.310Z,false,2026-02-21T21:43:26.310Z,2026-02-21T21:43:26.310Z
b5b689ea-638a-4fc2-aa91-1a879233ee7f,"Grace",Female,"Ashanti","Sekyere South","Essamang",,,34,,8,[],Active,2026-02-21T21:43:26.310Z,false,2026-02-21T21:43:26.310Z,2026-02-21T21:43:26.310Z
b4101c11-94a7-4ab6-bbd8-74c38778e8e2,"Samuel",Male,"Ashanti","Sekyere South","Essamang",,,20,,2,[],Active,2026-02-21T21:43:26.310Z,false,2026-02-21T21:43:26.310Z,2026-02-21T21:43:26.310Z
1e48f706-2a90-4231-ac76-2a39c7a396df,"Diana",Female,"Ashanti","Sekyere South","Essamang",,,28,,6,[],Active,2026-02-21T21:43:26.310Z,false,2026-02-21T21:43:26.310Z,2026-02-21T21:43:26.310Z
723aaa35-cc2c-48e1-9b8a-d3413143b7bf,"Kojo",Male,"Ashanti","Sekyere South","Essamang",,,29,,6,[],Active,2026-02-21T21:43:26.310Z,false,2026-02-21T21:43:26.310Z,2026-02-21T21:43:26.310Z
3bea28dc-ee7a-439a-b34d-91d791a45e79,"Efia",Female,"Ashanti","Sekyere South","Essamang",,,22,,3,[],Active,2026-02-21T21:43:26.310Z,false,2026-02-21T21:43:26.310Z,2026-02-21T21:43:26.310Z
e9759f0c-c7b1-47a8-bb1e-342767cad02d,"John Sekyim",Male,"Ashanti","Sekyere South","Essamang",,,22,,7,[],Active,2026-02-21T21:43:26.310Z,false,2026-02-21T21:43:26.310Z,2026-02-21T21:43:26.310Z
2cbe19b9-7fbb-4614-a9b7-d47b6bb0b337,"Efia",Male,"Ashanti","Sekyere South","Essamang",,,22,,6,[],Active,2026-02-21T21:43:26.310Z,false,2026-02-21T21:43:26.310Z,2026-02-21T21:43:26.310Z
dff890f5-0e95-430b-83ca-5f1be48dc4f0,"Kweku",Female,"Ashanti","Sekyere South","Essamang",,,22,,9,[],Active,2026-02-21T21:43:26.310Z,false,2026-02-21T21:43:26.310Z,2026-02-21T21:43:26.310Z
80f6317f-cd7a-4318-b0fb-aeec8fa82e97,"Derrick",Male,"Ashanti","Sekyere South","Essamang",,,22,,4,[],Active,2026-02-21T21:43:26.310Z,false,2026-02-21T21:43:26.310Z,2026-02-21T21:43:26.310Z
894b0a44-684a-4e60-a6f1-348927f9eadb,"Abena",Female,"Ashanti","Sekyere South","Essamang",,,22,,6,[],Active,2026-02-21T21:43:26.310Z,false,2026-02-21T21:43:26.310Z,2026-02-21T21:43:26.310Z
192f311f-6c95-498b-ae82-ffc56d01077e,"John Sekyim",Male,"Ashanti","Sekyere South","Essamang",,,22,,7,[],Active,2026-02-21T21:43:26.310Z,false,2026-02-21T21:43:26.310Z,2026-02-21T21:43:26.310Z
25f63967-1586-4852-a999-e06f9adb180d,"Adwoa",Female,"Ashanti","Sekyere South","Essamang",,,22,,7,[],Active,2026-02-21T21:43:26.310Z,false,2026-02-21T21:43:26.310Z,2026-02-21T21:43:26.310Z
821e7a73-d2ac-4dcf-ad28-53fa04203360,"Hope Yao",Male,"Ashanti","Sekyere South","Ebukrom Junction",,,22,,6,[],Active,2026-02-21T21:43:26.310Z,false,2026-02-21T21:43:26.310Z,2026-02-21T21:43:26.310Z
b5167e46-d7e2-4b44-9481-2f0a356027a6,"Stephen",Male,"Ashanti","Sekyere South","Ebukrom Junction",,,22,,4,[],Active,2026-02-21T21:43:26.310Z,false,2026-02-21T21:43:26.310Z,2026-02-21T21:43:26.310Z
e2e6fb96-68ff-49a5-ac05-f7f79125414c,"Simon Sronyeku",Male,"Ashanti","Sekyere South","Ebukrom Junction",,,22,,3,[],Active,2026-02-21T21:43:26.310Z,false,2026-02-21T21:43:26.310Z,2026-02-21T21:43:26.310Z
c87046f9-5951-431c-9387-79022527bdec,"Ebenezer Sam",Male,"Ashanti","Sekyere South","Ebukrom Junction",,,22,,5,[],Active,2026-02-21T21:43:26.310Z,false,2026-02-21T21:43:26.310Z,2026-02-21T21:43:26.310Z
341b71ac-4633-4757-8957-e27365c2cc44,"Korku",Male,"Ashanti","Sekyere South","Ebukrom Junction",,,22,,3,[],Active,2026-02-21T21:43:26.310Z,false,2026-02-21T21:43:26.310Z,2026-02-21T21:43:26.310Z
f42a99c1-860c-4842-9fc1-22fd6aa24f8b,"Esi Adiza",Female,"Ashanti","Sekyere South","Ebukrom Junction",,,22,,8,[],Active,2026-02-21T21:43:26.310Z,false,2026-02-21T21:43:26.310Z,2026-02-21T21:43:26.310Z
5460bf47-cd7b-40bf-b6ea-aef0ed376f94,"Roger Kingsford",Male,"Ashanti","Sekyere South","Ebukrom Junction",,,22,,2,[],Active,2026-02-21T21:43:26.310Z,false,2026-02-21T21:43:26.310Z,2026-02-21T21:43:26.310Z
d63a6456-4b64-4cdc-8e75-5f48db95f400,"Efua",Female,"Ashanti","Sekyere South","Ebukrom Junction",,,22,,7,[],Active,2026-02-21T21:43:26.310Z,false,2026-02-21T21:43:26.310Z,2026-02-21T21:43:26.310Z
d6ffd273-e4c2-4aab-9045-fd7ed2ddfd3e,"Emmanuel",Male,"Ashanti","Sekyere South","Ebukrom Junction",,,22,,7,[],Active,2026-02-21T21:43:26.310Z,false,2026-02-21T21:43:26.310Z,2026-02-21T21:43:26.310Z
775b0de1-3792-4b6b-bd44-7ee952e992a7,"Albert",Male,"Ashanti","Sekyere South","Ebukrom Junction",,,22,,7,[],Active,2026-02-21T21:43:26.310Z,false,2026-02-21T21:43:26.310Z,2026-02-21T21:43:26.310Z
a659aa36-a270-4a53-9875-de5793328eb2,"Issah",Male,"Ashanti","Sekyere South","Ebukrom Junction",,,22,,4,[],Active,2026-02-21T21:43:26.310Z,false,2026-02-21T21:43:26.310Z,2026-02-21T21:43:26.310Z
c0549edd-9087-4ee2-a977-a9481f8b1260,"Ama",Female,"Ashanti","Sekyere South","Ebukrom Junction",,,22,,5,[],Active,2026-02-21T21:43:26.310Z,false,2026-02-21T21:43:26.310Z,2026-02-21T21:43:26.310Z
5f0498ba-4ae4-40c3-884b-03c48634ce30,"David",Male,"Ashanti","Sekyere South","Ebukrom Junction",,,22,,6,[],Active,2026-02-21T21:43:26.310Z,false,2026-02-21T21:43:26.310Z,2026-02-21T21:43:26.310Z
21b2f684-44e4-44a1-8717-94e1ea246762,"Patience Aku",Female,"Ashanti","Sekyere South","Ebukrom Junction",,,22,,4,[],Active,2026-02-21T21:43:26.310Z,false,2026-02-21T21:43:26.310Z,2026-02-21T21:43:26.310Z
ecf1d03e-0874-4eb3-b84e-8bb22d6d99e1,"Joseph",Male,"Ashanti","Sekyere South","Ebukrom Junction",,,22,,4,[],Active,2026-02-21T21:43:26.310Z,false,2026-02-21T21:43:26.310Z,2026-02-21T21:43:26.310Z
78d4318e-a873-496e-9790-60e4832635be,"Francis",Male,"Ashanti","Sekyere South","Ebukrom Junction",,,22,,6,[],Active,2026-02-21T21:43:26.310Z,false,2026-02-21T21:43:26.310Z,2026-02-21T21:43:26.310Z
93add279-2c95-48a4-a5c5-470d23832ae9,"Bertha",Female,"Ashanti","Sekyere South","Ebukrom Junction",,,22,,7,[],Active,2026-02-21T21:43:26.310Z,false,2026-02-21T21:43:26.310Z,2026-02-21T21:43:26.310Z
52dd1999-ac67-4962-ac33-20a725c691c4,"Kwame",Male,"Ashanti","Sekyere South","Ebukrom Junction",,,22,,7,[],Active,2026-02-21T21:43:26.310Z,false,2026-02-21T21:43:26.310Z,2026-02-21T21:43:26.310Z
d3604952-bfc6-42d0-84d9-0b471ca2fb86,"Timothy",Male,"Ashanti","Sekyere South","Ebukrom Junction",,,22,,5,[],Active,2026-02-21T21:43:26.310Z,false,2026-02-21T21:43:26.310Z,2026-02-21T21:43:26.310Z
78eb85a5-d47f-4cf5-82f7-e29c1241b16d,"Kobina",Male,"Ashanti","Sekyere South","Ebukrom Junction",,,22,,6,[],Active,2026-02-21T21:43:26.310Z,false,2026-02-21T21:43:26.310Z,2026-02-21T21:43:26.310Z
2def2f4f-b305-44a0-9a20-bf4d05c2c311,"James",Male,"Ashanti","Sekyere South","Ebukrom Junction",,,22,,4,[],Active,2026-02-21T21:43:26.310Z,false,2026-02-21T21:43:26.310Z,2026-02-21T21:43:26.310Z
f3169dcc-a6c3-4672-90ad-e6bafbb1e32d,"Rejoice",Female,"Ashanti","Sekyere South","Ebukrom Junction",,,22,,3,[],Active,2026-02-21T21:43:26.310Z,false,2026-02-21T21:43:26.310Z,2026-02-21T21:43:26.310Z
3f01a745-246f-46b5-b023-b23312ae0164,"Robert",Male,"Ashanti","Sekyere South","Ebukrom Junction",,,22,,6,[],Active,2026-02-21T21:43:26.310Z,false,2026-02-21T21:43:26.310Z,2026-02-21T21:43:26.310Z
81984a2f-0a92-474d-800a-6c74c3dbf5cd,"Vi Victor",Male,"Ashanti","Sekyere South","Ebukrom Junction",,,22,,6,[],Active,2026-02-21T21:43:26.310Z,false,2026-02-21T21:43:26.310Z,2026-02-21T21:43:26.310Z
d221d858-65a3-4f05-b21a-15cfa9d57566,"Godwin",Male,"Ashanti","Sekyere South","Ebukrom Junction",,,22,,6,[],Active,2026-02-21T21:43:26.310Z,false,2026-02-21T21:43:26.310Z,2026-02-21T21:43:26.310Z
1833767b-564f-4651-ab03-59542e547cd4,"Daniel",Male,"Ashanti","Sekyere South","Ebukrom Junction",,,22,,6,[],Active,2026-02-21T21:43:26.310Z,false,2026-02-21T21:43:26.310Z,2026-02-21T21:43:26.310Z
d7af9099-0480-43cf-bc00-697ddaf85d85,"Christian",Male,"Ashanti","Sekyere South","Ebukrom Junction",,,22,,6,[],Active,2026-02-21T21:43:26.310Z,false,2026-02-21T21:43:26.310Z,2026-02-21T21:43:26.310Z
8e4a3267-8ef2-47b8-9e7c-74215ef1daa2,"Bertha",Female,"Ashanti","Sekyere South","Ebukrom Junction",,,22,,5,[],Active,2026-02-21T21:43:26.310Z,false,2026-02-21T21:43:26.310Z,2026-02-21T21:43:26.310Z
f7a2848e-bc80-479f-9cd7-dfd61461e6c9,"David",Male,"Ashanti","Sekyere South","Ebukrom Junction",,,22,,7,[],Active,2026-02-21T21:43:26.310Z,false,2026-02-21T21:43:26.310Z,2026-02-21T21:43:26.310Z
f416ae94-a8cb-4865-bf80-586b7774f882,"Esther",Female,"Ashanti","Sekyere South","Ebukrom Junction",,,22,,4,[],Active,2026-02-21T21:43:26.310Z,false,2026-02-21T21:43:26.310Z,2026-02-21T21:43:26.310Z
a5ac868d-8123-44b3-afce-eee06c8dcbf3,"Kwame",Male,"Ashanti","Sekyere South","Ebukrom Junction",,,22,,5,[],Active,2026-02-21T21:43:26.310Z,false,2026-02-21T21:43:26.310Z,2026-02-21T21:43:26.310Z
6bd06592-026d-4bab-be14-bcdd8c7d977f,"Sylvia",Female,"Ashanti","Sekyere South","Ebukrom Junction",,,22,,7,[],Active,2026-02-21T21:43:26.310Z,false,2026-02-21T21:43:26.310Z,2026-02-21T21:43:26.310Z
a658f5be-f5a0-4106-b0e9-47b278c3d83a,"Christopher",Male,"Ashanti","Sekyere South","Ebukrom Junction",,,22,,6,[],Active,2026-02-21T21:43:26.310Z,false,2026-02-21T21:43:26.310Z,2026-02-21T21:43:26.310Z
8644b04b-038b-4b16-bbaa-2da35d3d66de,"Paul",Male,"Ashanti","Sekyere South","Ebukrom Junction",,,22,,5,[],Active,2026-02-21T21:43:26.310Z,false,2026-02-21T21:43:26.310Z,2026-02-21T21:43:26.310Z
f09e5b8d-4f0b-4a7b-92f8-b23d37ec662a,"Isaac",Male,"Ashanti","Sekyere South","Ebukrom Junction",,,22,,3,[],Active,2026-02-21T21:43:26.310Z,false,2026-02-21T21:43:26.310Z,2026-02-21T21:43:26.310Z
7ec60fc5-b2a0-472a-b4f4-58655199112a,"Regina",Female,"Ashanti","Sekyere South","Ebukrom Junction",,,22,,5,[],Active,2026-02-21T21:43:26.310Z,false,2026-02-21T21:43:26.310Z,2026-02-21T21:43:26.310Z
eed8c96f-791e-42a6-9c6f-ba451de21631,"Rejoice",Female,"Ashanti","Sekyere South","Ebukrom Junction",,,22,,5,[],Active,2026-02-21T21:43:26.310Z,false,2026-02-21T21:43:26.310Z,2026-02-21T21:43:26.310Z
170ddd96-664a-4c2e-916a-4b03923abe9b,"Victoria",Female,"Ashanti","Sekyere South","Ebukrom Junction",,,22,,2,[],Active,2026-02-21T21:43:26.310Z,false,2026-02-21T21:43:26.310Z,2026-02-21T21:43:26.310Z
4461100a-8c2f-41d7-9fd2-1553ff21303a,"George",Male,"Ashanti","Sekyere South","Domama Nyamebekyere 1",,,22,,4,[],Active,2026-02-21T21:43:26.310Z,false,2026-02-21T21:43:26.310Z,2026-02-21T21:43:26.310Z
c5730930-2178-4b8c-a61f-c148cf3d227c,"Peter",Male,"Ashanti","Sekyere South","Domama Nyamebekyere 1",,,22,,5,[],Active,2026-02-21T21:43:26.310Z,false,2026-02-21T21:43:26.310Z,2026-02-21T21:43:26.310Z
f728c561-6096-40d8-b36f-27698e09de59,"Kofi",Male,"Ashanti","Sekyere South","Domama Nyamebekyere 1",,,22,,5,[],Active,2026-02-21T21:43:26.310Z,false,2026-02-21T21:43:26.310Z,2026-02-21T21:43:26.310Z
24afa729-d0b4-4472-b4ce-987e3ed6624d,"Amoh",Male,"Ashanti","Sekyere South","Domama Nyamebekyere 1",,,22,,5,[],Active,2026-02-21T21:43:26.310Z,false,2026-02-21T21:43:26.310Z,2026-02-21T21:43:26.310Z
8cefc38d-56d0-4f8e-9d16-fe48f3d5bdc3,"Sarah",Female,"Ashanti","Sekyere South","Domama Nyamebekyere 1",,,22,,4,[],Active,2026-02-21T21:43:26.310Z,false,2026-02-21T21:43:26.310Z,2026-02-21T21:43:26.310Z
3a3d80ca-387a-4db8-9db0-20f82e5e898b,"Yaw",Male,"Ashanti","Sekyere South","Domama Nyamebekyere 1",,,22,,4,[],Active,2026-02-21T21:43:26.310Z,false,2026-02-21T21:43:26.310Z,2026-02-21T21:43:26.310Z
24988fba-0ece-431e-910e-f2312d89ddd9,"Comfort",Female,"Ashanti","Sekyere South","Domama Nyamebekyere 1",,,22,,2,[],Active,2026-02-21T21:43:26.310Z,false,2026-02-21T21:43:26.310Z,2026-02-21T21:43:26.310Z
07233a68-66f2-409c-b762-6771d69fe104,"Kobena",Male,"Ashanti","Sekyere South","Domama Nyamebekyere 1",,,22,,7,[],Active,2026-02-21T21:43:26.310Z,false,2026-02-21T21:43:26.310Z,2026-02-21T21:43:26.310Z
2d25cc3a-3dd5-487c-bc76-7d7403a68beb,"Kofi",Male,"Ashanti","Sekyere South","Domama Nyamebekyere 1",,,22,,5,[],Active,2026-02-21T21:43:26.310Z,false,2026-02-21T21:43:26.310Z,2026-02-21T21:43:26.310Z
a3347e8d-2a4a-4394-9eda-0f7ab9fe354e,"Kofi",Male,"Ashanti","Sekyere South","Domama Nyamebekyere 1",,,22,,7,[],Active,2026-02-21T21:43:26.310Z,false,2026-02-21T21:43:26.310Z,2026-02-21T21:43:26.310Z
8372df01-0546-4bae-aa56-5c5d3af34a8b,"Margaret",Female,"Ashanti","Sekyere South","Domama Nyamebekyere 1",,,22,,5,[],Active,2026-02-21T21:43:26.310Z,false,2026-02-21T21:43:26.310Z,2026-02-21T21:43:26.310Z
e64a6a85-d8d2-484f-b1f8-8a65cb2e1794,"Joseph",Male,"Ashanti","Sekyere South","Domama Nyamebekyere 1",,,22,,4,[],Active,2026-02-21T21:43:26.310Z,false,2026-02-21T21:43:26.310Z,2026-02-21T21:43:26.310Z
b7dc4ac0-a320-49f6-943d-508a83cfb33e,"Ekua",Female,"Ashanti","Sekyere South","Domama Nyamebekyere 1",,,22,,5,[],Active,2026-02-21T21:43:26.310Z,false,2026-02-21T21:43:26.310Z,2026-02-21T21:43:26.310Z
34e3d87b-edb4-4cfa-90f8-28af6b218418,"Kofi",Male,"Ashanti","Sekyere South","Domama Nyamebekyere 1",,,22,,4,[],Active,2026-02-21T21:43:26.310Z,false,2026-02-21T21:43:26.310Z,2026-02-21T21:43:26.310Z
07b54eb8-0427-4605-be32-ed40cbd80d65,"Adjoa",Female,"Ashanti","Sekyere South","Domama Nyamebekyere 1",,,22,,9,[],Active,2026-02-21T21:43:26.310Z,false,2026-02-21T21:43:26.310Z,2026-02-21T21:43:26.310Z
781efac8-8800-49e1-a287-2452e3a11737,"Rockson",Male,"Ashanti","Sekyere South","Domama Nyamebekyere 1",,,22,,4,[],Active,2026-02-21T21:43:26.310Z,false,2026-02-21T21:43:26.310Z,2026-02-21T21:43:26.310Z
ba5fda62-7c17-4bb0-bf2d-acf04a7188b3,"John",Male,"Ashanti","Sekyere South","Domama Nyamebekyere 1",,,22,,4,[],Active,2026-02-21T21:43:26.310Z,false,2026-02-21T21:43:26.310Z,2026-02-21T21:43:26.310Z
89d277e7-4ae4-4489-a0ce-38c10bf14309,"Abena",Female,"Ashanti","Sekyere South","Domama Nyamebekyere 1",,,22,,5,[],Active,2026-02-21T21:43:26.310Z,false,2026-02-21T21:43:26.310Z,2026-02-21T21:43:26.310Z
83e5fa20-d268-4f35-8093-e1785d41e2ee,"Adjoa",Female,"Ashanti","Sekyere South","Domama Nyamebekyere 1",,,22,,6,[],Active,2026-02-21T21:43:26.310Z,false,2026-02-21T21:43:26.310Z,2026-02-21T21:43:26.310Z
f207d690-189d-4297-b4eb-b43357586b56,"Esinam",Female,"Ashanti","Sekyere South","Domama Nyamebekyere 1",,,22,,5,[],Active,2026-02-21T21:43:26.310Z,false,2026-02-21T21:43:26.310Z,2026-02-21T21:43:26.310Z
2be53e1e-fd1e-48d8-9957-0d8c6b3a3cf3,"George",Male,"Ashanti","Sekyere South","Domama Nyamebekyere 1",,,22,,6,[],Active,2026-02-21T21:43:26.310Z,false,2026-02-21T21:43:26.310Z,2026-02-21T21:43:26.310Z
6e86824d-211b-4e49-939b-f11eab706d0b,"Raphael",Male,"Ashanti","Sekyere South","Domama Nyamebekyere 1",,,22,,7,[],Active,2026-02-21T21:43:26.310Z,false,2026-02-21T21:43:26.310Z,2026-02-21T21:43:26.310Z
a371defa-a5bb-458e-9616-ca055884e97a,"Mary I",Female,"Ashanti","Sekyere South","Domama Nyamebekyere 1",,,22,,8,[],Active,2026-02-21T21:43:26.310Z,false,2026-02-21T21:43:26.310Z,2026-02-21T21:43:26.310Z
f311599a-53fd-475a-bec1-78971508b885,"Sarah",Female,"Ashanti","Sekyere South","Domama Nyamebekyere 1",,,22,,5,[],Active,2026-02-21T21:43:26.310Z,false,2026-02-21T21:43:26.310Z,2026-02-21T21:43:26.310Z
1400c839-9834-427c-9f5d-24b8a98a8c97,"Kojo",Male,"Ashanti","Sekyere South","Domama Nyamebekyere 1",,,22,,2,[],Active,2026-02-21T21:43:26.310Z,false,2026-02-21T21:43:26.310Z,2026-02-21T21:43:26.310Z
03441a6c-30b3-4a86-bcfe-4cca916dcd04,"Abena",Female,"Ashanti","Sekyere South","Domama Nyamebekyere 1",,,22,,4,[],Active,2026-02-21T21:43:26.310Z,false,2026-02-21T21:43:26.310Z,2026-02-21T21:43:26.310Z
77397bf7-71ff-4c3f-b3ab-61f605e9b5d6,"Joseph",Male,"Ashanti","Sekyere South","Domama Nyamebekyere 1",,,22,,4,[],Active,2026-02-21T21:43:26.310Z,false,2026-02-21T21:43:26.310Z,2026-02-21T21:43:26.310Z
c705344f-fad5-470c-acfb-0eae920dce4f,"Rose",Female,"Ashanti","Sekyere South","Domama Nyamebekyere 1",,,22,,7,[],Active,2026-02-21T21:43:26.310Z,false,2026-02-21T21:43:26.310Z,2026-02-21T21:43:26.310Z
f417f5e3-7e9d-42df-aa32-b442629be327,"Yaa",Female,"Ashanti","Sekyere South","Domama Nyamebekyere 1",,,22,,4,[],Active,2026-02-21T21:43:26.310Z,false,2026-02-21T21:43:26.310Z,2026-02-21T21:43:26.310Z
f493effd-7cf4-4302-ae18-c5f86d2b069c,"Olivia",Female,"Ashanti","Sekyere South","Domama Nyamebekyere 1",,,22,,6,[],Active,2026-02-21T21:43:26.310Z,false,2026-02-21T21:43:26.310Z,2026-02-21T21:43:26.310Z
b2cb8bd6-49d7-42cc-89c8-7034da3494d7,"Adjoa",Female,"Ashanti","Sekyere South","Domama Nyamebekyere 1",,,22,,7,[],Active,2026-02-21T21:43:26.310Z,false,2026-02-21T21:43:26.310Z,2026-02-21T21:43:26.310Z
f7bd1676-d058-47d3-a6a9-ebe269380dac,"Grace",Female,"Ashanti","Sekyere South","Domama Nyamebekyere 1",,,22,,7,[],Active,2026-02-21T21:43:26.310Z,false,2026-02-21T21:43:26.310Z,2026-02-21T21:43:26.310Z
582a2a2f-2340-4c27-a796-fe73ec42305b,"Hannah",Female,"Ashanti","Sekyere South","Domama Nyamebekyere 1",,,22,,9,[],Active,2026-02-21T21:43:26.310Z,false,2026-02-21T21:43:26.310Z,2026-02-21T21:43:26.310Z
af85519b-332d-4188-ae9b-9cc581286bdf,"Isaac",Male,"Ashanti","Sekyere South","Domama Nyamebekyere 1",,,22,,3,[],Active,2026-02-21T21:43:26.310Z,false,2026-02-21T21:43:26.310Z,2026-02-21T21:43:26.310Z
8fbabef2-e980-470b-995d-dccb2953ca11,"Hannah",Female,"Ashanti","Sekyere South","Domama Nyamebekyere 1",,,22,,7,[],Active,2026-02-21T21:43:26.310Z,false,2026-02-21T21:43:26.310Z,2026-02-21T21:43:26.310Z
f7260978-44b3-4c73-a353-192429e919a3,"David",Male,"Ashanti","Sekyere South","Domama Nyamebekyere 1",,,22,,5,[],Active,2026-02-21T21:43:26.310Z,false,2026-02-21T21:43:26.310Z,2026-02-21T21:43:26.310Z
a5369cb7-fe8e-4949-9a8c-15903f0d3944,"Mavis",Female,"Ashanti","Sekyere South","Domama Nyamebekyere 1",,,22,,7,[],Active,2026-02-21T21:43:26.310Z,false,2026-02-21T21:43:26.310Z,2026-02-21T21:43:26.310Z
2ff0a8e1-09f7-4118-90aa-4e60f52332fb,"John",Male,"Ashanti","Sekyere South","Domama Nyamebekyere 1",,,22,,2,[],Active,2026-02-21T21:43:26.310Z,false,2026-02-21T21:43:26.310Z,2026-02-21T21:43:26.310Z
d7130650-b4b7-43d4-8296-1def5f0061ec,"Grace",Female,"Ashanti","Sekyere South","Domama Nyamebekyere 1",,,22,,5,[],Active,2026-02-21T21:43:26.310Z,false,2026-02-21T21:43:26.310Z,2026-02-21T21:43:26.310Z
0ef55a82-2a9a-491c-b5ab-8fc27ad407c0,"Kwesi",Male,"Ashanti","Sekyere South","Domama Nyamebekyere 1",,,22,,5,[],Active,2026-02-21T21:43:26.310Z,false,2026-02-21T21:43:26.310Z,2026-02-21T21:43:26.310Z
62f243c5-6654-4f93-a704-2679ab98b4ea,"Abban Lydia",Female,"Ashanti","Sekyere South","Domama Nyamebekyere 1",,,22,,8,[],Active,2026-02-21T21:43:26.310Z,false,2026-02-21T21:43:26.310Z,2026-02-21T21:43:26.310Z
d8e2aafc-2973-4e24-877e-2338fa54bc8d,"John",Male,"Ashanti","Sekyere South","Domama Nyamebekyere 1",,,22,,1,[],Active,2026-02-21T21:43:26.310Z,false,2026-02-21T21:43:26.310Z,2026-02-21T21:43:26.310Z
5dcb1904-03f2-49f2-b9a9-897c6e44be03,"Beatrice",Female,"Ashanti","Sekyere South","Domama Nyamebekyere 1",,,22,,7,[],Active,2026-02-21T21:43:26.310Z,false,2026-02-21T21:43:26.310Z,2026-02-21T21:43:26.310Z
b5f7728c-cc66-491e-a301-e0b9067a6fe4,"Abraham",Male,"Ashanti","Sekyere South","Domama Nyamebekyere 1",,,22,,8,[],Active,2026-02-21T21:43:26.310Z,false,2026-02-21T21:43:26.310Z,2026-02-21T21:43:26.310Z
217cef81-58d1-487f-bfd2-dfdbbc4a0ece,"Aba",Female,"Ashanti","Sekyere South","Domama Nyamebekyere 1",,,22,,5,[],Active,2026-02-21T21:43:26.310Z,false,2026-02-21T21:43:26.310Z,2026-02-21T21:43:26.310Z
2ead52a9-5453-4a2c-97ac-d0dad33dfaf7,"John",Female,"Ashanti","Sekyere South","Domama Nyamebekyere 1",,,22,,7,[],Active,2026-02-21T21:43:26.310Z,false,2026-02-21T21:43:26.310Z,2026-02-21T21:43:26.310Z
d6608369-477b-448e-afa2-9ef0e54133d4,"Elizabeth",Female,"Ashanti","Sekyere South","Domama Nyamebekyere 1",,,22,,7,[],Active,2026-02-21T21:43:26.310Z,false,2026-02-21T21:43:26.310Z,2026-02-21T21:43:26.310Z
2e1a8669-7b89-4c3c-91af-8d18f73e94d4,"Christopher",Male,"Ashanti","Sekyere South","Domama Nyamebekyere 1",,,22,,8,[],Active,2026-02-21T21:43:26.310Z,false,2026-02-21T21:43:26.310Z,2026-02-21T21:43:26.310Z
6d14c784-5c2d-47e8-948c-b505b789b48f,"Kwame",Male,"Ashanti","Sekyere South","Domama Nyamebekyere 1",,,22,,9,[],Active,2026-02-21T21:43:26.310Z,false,2026-02-21T21:43:26.310Z,2026-02-21T21:43:26.310Z
8965104d-2331-4e66-8993-195311a69b4f,"Anthony",Male,"Ashanti","Sekyere South","Domama Nyamebekyere 1",,,22,,8,[],Active,2026-02-21T21:43:26.310Z,false,2026-02-21T21:43:26.310Z,2026-02-21T21:43:26.310Z
824832f9-3ac9-45e1-b159-7fbabecee992,"John",Male,"Ashanti","Sekyere South","Domama Nyamebekyere 1",,,22,,5,[],Active,2026-02-21T21:43:26.310Z,false,2026-02-21T21:43:26.310Z,2026-02-21T21:43:26.310Z
1848220c-d799-46f3-a3d3-280fd30939ef,"Monica",Female,"Ashanti","Sekyere South","Domama Nyamebekyere 1",,,22,,2,[],Active,2026-02-21T21:43:26.310Z,false,2026-02-21T21:43:26.310Z,2026-02-21T21:43:26.310Z
f561e094-8067-43ce-99e7-a3df40ea6888,"Comfort",Female,"Ashanti","Sekyere South","Domama Nyamebekyere 1",,,22,,4,[],Active,2026-02-21T21:43:26.310Z,false,2026-02-21T21:43:26.310Z,2026-02-21T21:43:26.310Z
6715ed23-f988-4c91-a2fe-63d5fec6d81b,"Adjoa",Female,"Ashanti","Sekyere South","Domama Nyamebekyere 1",,,22,,8,[],Active,2026-02-21T21:43:26.310Z,false,2026-02-21T21:43:26.310Z,2026-02-21T21:43:26.310Z
0114a080-914e-40ec-8578-a3dd25b71c2e,"Samuel",Male,"Ashanti","Sekyere South","Domama Nyamebekyere 1",,,22,,7,[],Active,2026-02-21T21:43:26.310Z,false,2026-02-21T21:43:26.310Z,2026-02-21T21:43:26.310Z
45638f06-e409-4145-9ee6-81edea9d2feb,"Francis",Male,"Ashanti","Sekyere South","Domama Nyamebekyere 1",,,22,,4,[],Active,2026-02-21T21:43:26.310Z,false,2026-02-21T21:43:26.310Z,2026-02-21T21:43:26.310Z
ffa5848e-2201-40a8-9fbb-3d38927be117,"Matthew",Male,"Ashanti","Sekyere South","Domama Nyamebekyere 1",,,22,,7,[],Active,2026-02-21T21:43:26.310Z,false,2026-02-21T21:43:26.310Z,2026-02-21T21:43:26.310Z
9edff53a-45cf-4c99-8b83-d9a5cf56ca4d,"Abena",Female,"Ashanti","Sekyere South","Domama Nyamebekyere 1",,,22,,8,[],Active,2026-02-21T21:43:26.310Z,false,2026-02-21T21:43:26.310Z,2026-02-21T21:43:26.310Z
42c241b8-4187-479a-bca0-065fd85734fe,"Ama",Female,"Ashanti","Sekyere South","Domama Nyamebekyere 1",,,22,,6,[],Active,2026-02-21T21:43:26.310Z,false,2026-02-21T21:43:26.310Z,2026-02-21T21:43:26.310Z
8d52e83a-4201-4faa-bef6-37957c783e92,"Tseatse",Male,"Ashanti","Sekyere South","Domama Domeabra",,,22,,9,[],Active,2026-02-21T21:43:26.310Z,false,2026-02-21T21:43:26.310Z,2026-02-21T21:43:26.310Z
9b99a621-7fbf-4e94-9ab8-60b7f5a1ac5e,"Isaac",Male,"Ashanti","Sekyere South","Domama Domeabra",,,22,,3,[],Active,2026-02-21T21:43:26.310Z,false,2026-02-21T21:43:26.310Z,2026-02-21T21:43:26.310Z
f18fcea6-09de-4e08-a5e1-397f8520dc3d,"Joyce",Female,"Ashanti","Sekyere South","Domama Domeabra",,,22,,8,[],Active,2026-02-21T21:43:26.310Z,false,2026-02-21T21:43:26.310Z,2026-02-21T21:43:26.310Z
f1ee3ddd-bd4f-459c-91c5-05b966de9654,"Emelia",Female,"Ashanti","Sekyere South","Domama Domeabra",,,22,,5,[],Active,2026-02-21T21:43:26.310Z,false,2026-02-21T21:43:26.310Z,2026-02-21T21:43:26.310Z
0106a85d-f42f-4e15-8e5f-6fe92bdc7433,"Nanyio",Female,"Ashanti","Sekyere South","Domama Domeabra",,,22,,7,[],Active,2026-02-21T21:43:26.310Z,false,2026-02-21T21:43:26.310Z,2026-02-21T21:43:26.310Z
e83d4326-c622-4c6d-8ff7-cfb698df6817,"Ali",Male,"Ashanti","Sekyere South","Domama Domeabra",,,22,,2,[],Active,2026-02-21T21:43:26.310Z,false,2026-02-21T21:43:26.310Z,2026-02-21T21:43:26.310Z
ae55275e-c6de-4486-b7c0-04518b77f352,"Matthew",Male,"Ashanti","Sekyere South","Domama Domeabra",,,22,,5,[],Active,2026-02-21T21:43:26.310Z,false,2026-02-21T21:43:26.310Z,2026-02-21T21:43:26.310Z
104b38ab-b113-4b63-8a0f-11c3c415ff60,"Kwadwo",Male,"Ashanti","Sekyere South","Domama Domeabra",,,22,,5,[],Active,2026-02-21T21:43:26.310Z,false,2026-02-21T21:43:26.310Z,2026-02-21T21:43:26.310Z
2a226039-0509-4cee-b320-60b3f8938624,"Vida",Female,"Ashanti","Sekyere South","Domama Domeabra",,,22,,8,[],Active,2026-02-21T21:43:26.310Z,false,2026-02-21T21:43:26.310Z,2026-02-21T21:43:26.310Z
8f6ac77b-a0b9-4579-bf9e-bd82a2407e7c,"Kofi",Male,"Ashanti","Sekyere South","Domama Domeabra",,,22,,4,[],Active,2026-02-21T21:43:26.310Z,false,2026-02-21T21:43:26.310Z,2026-02-21T21:43:26.310Z
9092bdab-72af-4db1-8869-4ff90fe65c6c,"Sarah",Female,"Ashanti","Sekyere South","Domama Domeabra",,,22,,6,[],Active,2026-02-21T21:43:26.310Z,false,2026-02-21T21:43:26.310Z,2026-02-21T21:43:26.310Z
fb457496-9e9a-4803-96da-d65b97c1805d,"Grace",Female,"Ashanti","Sekyere South","Domama Domeabra",,,22,,5,[],Active,2026-02-21T21:43:26.310Z,false,2026-02-21T21:43:26.310Z,2026-02-21T21:43:26.310Z
d83d5eaa-a0a2-4c6e-98a8-463ce650b756,"Margaret",Female,"Ashanti","Sekyere South","Domama Domeabra",,,22,,3,[],Active,2026-02-21T21:43:26.310Z,false,2026-02-21T21:43:26.310Z,2026-02-21T21:43:26.310Z
1ca5821a-00c2-41fc-8bb7-7d2525ec48fd,"Kwesi",Male,"Ashanti","Sekyere South","Domama Domeabra",,,22,,5,[],Active,2026-02-21T21:43:26.310Z,false,2026-02-21T21:43:26.310Z,2026-02-21T21:43:26.310Z
adeeb316-35dc-4337-b7cf-a9efdd249567,"Musa",Male,"Ashanti","Sekyere South","Domama Domeabra",,,22,,6,[],Active,2026-02-21T21:43:26.310Z,false,2026-02-21T21:43:26.310Z,2026-02-21T21:43:26.310Z
c723e522-5e98-425d-9e9b-7364906bd215,"Joyce",Female,"Ashanti","Sekyere South","Domama Domeabra",,,22,,5,[],Active,2026-02-21T21:43:26.310Z,false,2026-02-21T21:43:26.310Z,2026-02-21T21:43:26.310Z
2814db57-c331-4750-8231-3fff311db81f,"Yaa",Female,"Ashanti","Sekyere South","Domama Domeabra",,,22,,4,[],Active,2026-02-21T21:43:26.310Z,false,2026-02-21T21:43:26.310Z,2026-02-21T21:43:26.310Z
2f3f2d27-fe22-4a53-87b8-34bef864aabc,"Isaac",Male,"Ashanti","Sekyere South","Domama Domeabra",,,22,,7,[],Active,2026-02-21T21:43:26.310Z,false,2026-02-21T21:43:26.310Z,2026-02-21T21:43:26.310Z
090c1632-429c-4e7c-a011-091ba82f98a8,"George",Male,"Ashanti","Sekyere South","Domama Domeabra",,,22,,9,[],Active,2026-02-21T21:43:26.310Z,false,2026-02-21T21:43:26.310Z,2026-02-21T21:43:26.310Z
af6f8c2c-370a-45da-b43e-089833a982b3,"Mary",Female,"Ashanti","Sekyere South","Domama Domeabra",,,22,,7,[],Active,2026-02-21T21:43:26.310Z,false,2026-02-21T21:43:26.310Z,2026-02-21T21:43:26.310Z
38b5c3c3-a4e3-4bc8-a734-61d18519c028,"Ama",Female,"Ashanti","Sekyere South","Domama Domeabra",,,22,,5,[],Active,2026-02-21T21:43:26.310Z,false,2026-02-21T21:43:26.310Z,2026-02-21T21:43:26.310Z
01f1c060-869e-44da-9e62-710db29ffb58,"Yaw",Male,"Ashanti","Sekyere South","Domama Domeabra",,,22,,5,[],Active,2026-02-21T21:43:26.310Z,false,2026-02-21T21:43:26.310Z,2026-02-21T21:43:26.310Z
405329bd-f715-4a1e-ab77-9572bacd9f73,"Abena",Female,"Ashanti","Sekyere South","Domama Domeabra",,,22,,5,[],Active,2026-02-21T21:43:26.310Z,false,2026-02-21T21:43:26.310Z,2026-02-21T21:43:26.310Z
031a82f0-5ed7-45f9-a991-ed5b034b4de7,"Ekua",Female,"Ashanti","Sekyere South","Domama Domeabra",,,22,,4,[],Active,2026-02-21T21:43:26.310Z,false,2026-02-21T21:43:26.310Z,2026-02-21T21:43:26.310Z
b9dc3d39-4008-44f7-82d5-3854a73071dd,"Mary",Female,"Ashanti","Sekyere South","Domama Domeabra",,,22,,4,[],Active,2026-02-21T21:43:26.310Z,false,2026-02-21T21:43:26.310Z,2026-02-21T21:43:26.310Z
ed1e1fef-7ebb-4a6f-9d3d-5a24e0754470,"John Kwesi",Male,"Ashanti","Sekyere South","Domama Domeabra",,,22,,2,[],Active,2026-02-21T21:43:26.310Z,false,2026-02-21T21:43:26.310Z,2026-02-21T21:43:26.310Z
7e50e6b0-103a-4f49-b70e-726e860b3e48,"Augustina",Female,"Ashanti","Sekyere South","Domama Domeabra",,,22,,5,[],Active,2026-02-21T21:43:26.310Z,false,2026-02-21T21:43:26.310Z,2026-02-21T21:43:26.310Z
12b30426-8bfb-4b25-9492-12ae4eaada1e,"Emmanuel",Male,"Ashanti","Sekyere South","Domama Domeabra",,,22,,4,[],Active,2026-02-21T21:43:26.310Z,false,2026-02-21T21:43:26.310Z,2026-02-21T21:43:26.310Z
6a13be03-8d47-4fe9-ae90-911488055166,"Tetteh",Male,"Ashanti","Sekyere South","Domama Domeabra",,,22,,5,[],Active,2026-02-21T21:43:26.310Z,false,2026-02-21T21:43:26.310Z,2026-02-21T21:43:26.310Z
d1356fbc-debc-4082-b6a7-4f32eca974c4,"Patience",Female,"Ashanti","Sekyere South","Domama Domeabra",,,22,,6,[],Active,2026-02-21T21:43:26.310Z,false,2026-02-21T21:43:26.310Z,2026-02-21T21:43:26.310Z
4214c5b9-79fb-439b-b2ba-407f2e71d72a,"Kingsford",Male,"Ashanti","Sekyere South","Basa",,,22,,7,[],Active,2026-02-21T21:43:26.310Z,false,2026-02-21T21:43:26.310Z,2026-02-21T21:43:26.310Z
b992b497-9261-4212-a531-54d17a1370f7,"Adjoa",Female,"Ashanti","Sekyere South","Basa",,,22,,8,[],Active,2026-02-21T21:43:26.310Z,false,2026-02-21T21:43:26.310Z,2026-02-21T21:43:26.310Z
006aaf62-fee6-414c-8ea1-1cb08f55ec21,"Michael",Male,"Ashanti","Sekyere South","Basa",,,22,,2,[],Active,2026-02-21T21:43:26.310Z,false,2026-02-21T21:43:26.310Z,2026-02-21T21:43:26.310Z
d211a6dc-373e-4796-8f51-2557ccb012af,"Doris",Female,"Ashanti","Sekyere South","Basa",,,22,,6,[],Active,2026-02-21T21:43:26.310Z,false,2026-02-21T21:43:26.310Z,2026-02-21T21:43:26.310Z
03daef73-5423-4fb4-99aa-f14df71e22e6,"Mary",Female,"Ashanti","Sekyere South","Basa",,,22,,6,[],Active,2026-02-21T21:43:26.310Z,false,2026-02-21T21:43:26.310Z,2026-02-21T21:43:26.310Z
f15a3f57-8fc5-4f6f-a4ca-69ae356b48aa,"Ama",Female,"Ashanti","Sekyere South","Basa",,,22,,3,[],Active,2026-02-21T21:43:26.310Z,false,2026-02-21T21:43:26.310Z,2026-02-21T21:43:26.310Z
b1cf8ec4-60c6-428f-a8d8-6247f5441816,"Kweku",Male,"Ashanti","Sekyere South","Basa",,,22,,7,[],Active,2026-02-21T21:43:26.310Z,false,2026-02-21T21:43:26.310Z,2026-02-21T21:43:26.310Z
70ccf104-b419-4795-9b95-c788630e9bff,"Emmanuel",Male,"Ashanti","Sekyere South","Basa",,,22,,6,[],Active,2026-02-21T21:43:26.310Z,false,2026-02-21T21:43:26.310Z,2026-02-21T21:43:26.310Z
b35becb5-c1fa-4748-90db-5da0d452b81e,"Kwabena",Male,"Ashanti","Sekyere South","Basa",,,22,,9,[],Active,2026-02-21T21:43:26.310Z,false,2026-02-21T21:43:26.310Z,2026-02-21T21:43:26.310Z
7585324e-7cc3-472b-a48c-0d8d19be6f0a,"Mark",Male,"Ashanti","Sekyere South","Basa",,,22,,4,[],Active,2026-02-21T21:43:26.310Z,false,2026-02-21T21:43:26.310Z,2026-02-21T21:43:26.310Z
c06e975f-b26f-44ba-a4a7-eb8fe1a0f5b7,"Grace",Female,"Ashanti","Sekyere South","Basa",,,22,,6,[],Active,2026-02-21T21:43:26.310Z,false,2026-02-21T21:43:26.310Z,2026-02-21T21:43:26.310Z
f5d3d49a-3204-407d-aea3-bab712c7fb6a,"Amos",Male,"Ashanti","Sekyere South","Basa",,,22,,7,[],Active,2026-02-21T21:43:26.310Z,false,2026-02-21T21:43:26.310Z,2026-02-21T21:43:26.310Z
cb4102ef-2724-493a-9976-0e268b745fa7,"K. Francis",Male,"Ashanti","Sekyere South","Basa",,,22,,7,[],Active,2026-02-21T21:43:26.310Z,false,2026-02-21T21:43:26.310Z,2026-02-21T21:43:26.310Z
18d6a712-235d-435a-bb18-880d77523ff2,"Esi",Female,"Ashanti","Sekyere South","Basa",,,22,,6,[],Active,2026-02-21T21:43:26.310Z,false,2026-02-21T21:43:26.310Z,2026-02-21T21:43:26.310Z
f16dabdc-3459-4638-897e-5ec85e393f58,"Emmanuel",Male,"Ashanti","Sekyere South","Basa",,,22,,4,[],Active,2026-02-21T21:43:26.310Z,false,2026-02-21T21:43:26.310Z,2026-02-21T21:43:26.310Z
23c18235-6b4d-4125-83c6-1c6f81e0bc86,"Eric",Male,"Ashanti","Sekyere South","Basa",,,22,,3,[],Active,2026-02-21T21:43:26.310Z,false,2026-02-21T21:43:26.310Z,2026-02-21T21:43:26.310Z
d63687bd-9b71-4c8f-9dc3-9eb193ab4c7b,"Sarah",Female,"Ashanti","Sekyere South","Basa",,,22,,5,[],Active,2026-02-21T21:43:26.310Z,false,2026-02-21T21:43:26.310Z,2026-02-21T21:43:26.310Z
43691795-556a-474d-80a5-43b3ea2ed43a,"David",Male,"Ashanti","Sekyere South","Basa",,,22,,3,[],Active,2026-02-21T21:43:26.310Z,false,2026-02-21T21:43:26.310Z,2026-02-21T21:43:26.310Z
620fb2d1-5373-466a-b105-8e7445ad8aeb,"Vida",Male,"Ashanti","Sekyere South","Basa",,,22,,8,[],Active,2026-02-21T21:43:26.310Z,false,2026-02-21T21:43:26.310Z,2026-02-21T21:43:26.310Z
029830e7-c58e-4999-af18-33a2841d391f,"Ama",Female,"Ashanti","Sekyere South","Basa",,,22,,2,[],Active,2026-02-21T21:43:26.310Z,false,2026-02-21T21:43:26.310Z,2026-02-21T21:43:26.310Z
d1a34dc2-89b5-4ea6-bf88-f3acfd33bd22,"Samuel",Male,"Ashanti","Sekyere South","Basa",,,22,,7,[],Active,2026-02-21T21:43:26.310Z,false,2026-02-21T21:43:26.310Z,2026-02-21T21:43:26.310Z
62a56263-c8c3-4afd-b0c2-e9e467875abb,"Samuel",Male,"Ashanti","Sekyere South","Basa",,,22,,7,[],Active,2026-02-21T21:43:26.310Z,false,2026-02-21T21:43:26.310Z,2026-02-21T21:43:26.310Z
084c8e8d-895d-4276-91f3-e3ce306f703e,"Samuel",Male,"Ashanti","Sekyere South","Basa",,,22,,7,[],Active,2026-02-21T21:43:26.310Z,false,2026-02-21T21:43:26.310Z,2026-02-21T21:43:26.310Z
7a555203-dc55-4b1f-84c8-a063674c5988,"Efua",Female,"Ashanti","Sekyere South","Basa",,,22,,4,[],Active,2026-02-21T21:43:26.310Z,false,2026-02-21T21:43:26.310Z,2026-02-21T21:43:26.310Z
93ed7488-7606-46e3-b8b3-19daa93dd97f,"Ama",Female,"Ashanti","Sekyere South","Basa",,,22,,5,[],Active,2026-02-21T21:43:26.310Z,false,2026-02-21T21:43:26.310Z,2026-02-21T21:43:26.310Z
d415c52f-6889-4cfd-be9e-8908659b4724,"Appiah",Male,"Ashanti","Sekyere South","Basa",,,22,,6,[],Active,2026-02-21T21:43:26.310Z,false,2026-02-21T21:43:26.310Z,2026-02-21T21:43:26.310Z
62df801a-ee77-472d-8fc3-0ad9c5d2cdee,"Mary",Female,"Ashanti","Sekyere South","Basa",,,22,,4,[],Active,2026-02-21T21:43:26.310Z,false,2026-02-21T21:43:26.310Z,2026-02-21T21:43:26.310Z
331e2cd2-f95a-4370-9f29-3336cedfff6a,"Grace",Female,"Ashanti","Sekyere South","Basa",,,22,,4,[],Active,2026-02-21T21:43:26.310Z,false,2026-02-21T21:43:26.310Z,2026-02-21T21:43:26.310Z
bf650db4-8c9b-4d36-a0b6-ea58390a10f9,"Jennet",Female,"Ashanti","Sekyere South","Basa",,,22,,6,[],Active,2026-02-21T21:43:26.310Z,false,2026-02-21T21:43:26.310Z,2026-02-21T21:43:26.310Z
fc4de733-f77a-48b1-813c-5ba4797f2388,"Abena",Female,"Ashanti","Sekyere South","Basa",,,22,,7,[],Active,2026-02-21T21:43:26.310Z,false,2026-02-21T21:43:26.310Z,2026-02-21T21:43:26.310Z
9ab3e423-061d-4dd5-b3cb-b8a66a546d50,"Mary",Female,"Ashanti","Sekyere South","Basa",,,22,,7,[],Active,2026-02-21T21:43:26.310Z,false,2026-02-21T21:43:26.310Z,2026-02-21T21:43:26.310Z
ab6bed96-1c53-4970-9ed2-3769c41ae0f0,"Adwoa",Female,"Ashanti","Sekyere South","Basa",,,22,,5,[],Active,2026-02-21T21:43:26.310Z,false,2026-02-21T21:43:26.310Z,2026-02-21T21:43:26.310Z
bfa40669-ea42-4a91-9487-2ed69316d9b3,"Isaac",Male,"Ashanti","Sekyere South","Basa",,,22,,6,[],Active,2026-02-21T21:43:26.310Z,false,2026-02-21T21:43:26.310Z,2026-02-21T21:43:26.310Z
c46a697d-b394-475e-b8f8-58eb8bff92b7,"Abigail",Female,"Ashanti","Sekyere South","Basa",,,22,,4,[],Active,2026-02-21T21:43:26.310Z,false,2026-02-21T21:43:26.310Z,2026-02-21T21:43:26.310Z
72785c8f-461a-4707-b870-b8dfc0a9b1ea,"Joshua",Male,"Ashanti","Sekyere South","Basa",,,22,,3,[],Active,2026-02-21T21:43:26.310Z,false,2026-02-21T21:43:26.310Z,2026-02-21T21:43:26.310Z
2e3f9f9c-8f0c-4d67-8fc4-a75628a08e35,"Ama",Female,"Ashanti","Sekyere South","Basa",,,22,,6,[],Active,2026-02-21T21:43:26.310Z,false,2026-02-21T21:43:26.310Z,2026-02-21T21:43:26.310Z
7d9ec456-cfca-4994-b4ed-176182f5165f,"Dorcas",Female,"Ashanti","Sekyere South","Basa",,,22,,6,[],Active,2026-02-21T21:43:26.310Z,false,2026-02-21T21:43:26.310Z,2026-02-21T21:43:26.310Z
0647ec69-8139-4c41-a4f5-6df2ab3bb804,"Vivian",Female,"Ashanti","Sekyere South","Basa",,,22,,6,[],Active,2026-02-21T21:43:26.310Z,false,2026-02-21T21:43:26.310Z,2026-02-21T21:43:26.310Z
c954d5ec-3af6-45f2-9c07-3a4253cfa382,"Osborn",Male,"Ashanti","Sekyere South","Basa",,,22,,6,[],Active,2026-02-21T21:43:26.310Z,false,2026-02-21T21:43:26.310Z,2026-02-21T21:43:26.310Z
e757c9fc-5806-4b50-bf90-6ad486b4cffc,"Grace",Female,"Ashanti","Sekyere South","Basa",,,22,,6,[],Active,2026-02-21T21:43:26.310Z,false,2026-02-21T21:43:26.310Z,2026-02-21T21:43:26.310Z
6b2886ff-07fd-478a-8d63-c3c0a937db35,"Jennet",Female,"Ashanti","Sekyere South","Basa",,,22,,5,[],Active,2026-02-21T21:43:26.310Z,false,2026-02-21T21:43:26.310Z,2026-02-21T21:43:26.310Z
96b73bca-28fa-4107-b007-4d5e2854e4ba,"Abena",Female,"Ashanti","Sekyere South","Basa",,,22,,7,[],Active,2026-02-21T21:43:26.310Z,false,2026-02-21T21:43:26.310Z,2026-02-21T21:43:26.310Z
b81b5788-7e02-491f-ae4c-284f17ed9fca,"Comfort",Female,"Ashanti","Sekyere South","Basa",,,22,,4,[],Active,2026-02-21T21:43:26.310Z,false,2026-02-21T21:43:26.310Z,2026-02-21T21:43:26.310Z
feb1af64-310e-40e4-b33e-cceec1e5522a,"Ignatius Kwame",Male,"Ashanti","Sekyere South","Beenuyie",,,22,,5,[],Active,2026-02-21T21:43:26.310Z,false,2026-02-21T21:43:26.310Z,2026-02-21T21:43:26.310Z
89bad62a-7619-4697-9b97-a3d664a40f1d,"Moses",Male,"Ashanti","Sekyere South","Beenuyie",,,22,,7,[],Active,2026-02-21T21:43:26.310Z,false,2026-02-21T21:43:26.310Z,2026-02-21T21:43:26.310Z
f4556d57-3aad-45be-859b-d7d881e527a0,"Hannah",Female,"Ashanti","Sekyere South","Beenuyie",,,22,,6,[],Active,2026-02-21T21:43:26.310Z,false,2026-02-21T21:43:26.310Z,2026-02-21T21:43:26.310Z
3fdcf7f4-9aad-40ff-8a90-4c004adfaa86,"Nana",Female,"Ashanti","Sekyere South","Beenuyie",,,22,,5,[],Active,2026-02-21T21:43:26.310Z,false,2026-02-21T21:43:26.310Z,2026-02-21T21:43:26.310Z
213344ea-0c4e-40c0-ac18-4bb80ad4653a,"Margaret",Female,"Ashanti","Sekyere South","Beenuyie",,,22,,3,[],Active,2026-02-21T21:43:26.310Z,false,2026-02-21T21:43:26.310Z,2026-02-21T21:43:26.310Z
4e8848aa-a540-413b-b8c2-5a8bfc053a51,"Efua",Female,"Ashanti","Sekyere South","Beenuyie",,,22,,5,[],Active,2026-02-21T21:43:26.310Z,false,2026-02-21T21:43:26.310Z,2026-02-21T21:43:26.310Z
55667171-9fdf-4cf4-b273-a0e295381cb9,"Kofi",Male,"Ashanti","Sekyere South","Beenuyie",,,22,,5,[],Active,2026-02-21T21:43:26.310Z,false,2026-02-21T21:43:26.310Z,2026-02-21T21:43:26.310Z
35648879-48de-4b30-9374-d8dd93be9465,"Adjoa",Female,"Ashanti","Sekyere South","Beenuyie",,,22,,2,[],Active,2026-02-21T21:43:26.310Z,false,2026-02-21T21:43:26.310Z,2026-02-21T21:43:26.310Z
2ffe4638-5ad1-4a46-b831-37163c9834fa,"Comfort",Female,"Ashanti","Sekyere South","Beenuyie",,,22,,4,[],Active,2026-02-21T21:43:26.310Z,false,2026-02-21T21:43:26.310Z,2026-02-21T21:43:26.310Z
10c4c233-46b2-4f4e-a567-de01f2b19e55,"Mohammed",Male,"Ashanti","Sekyere South","Beenuyie",,,22,,5,[],Active,2026-02-21T21:43:26.310Z,false,2026-02-21T21:43:26.310Z,2026-02-21T21:43:26.310Z
3278e606-5b68-40ec-b8c8-14e76557f4ef,"Kwaw",Male,"Ashanti","Sekyere South","Beenuyie",,,22,,5,[],Active,2026-02-21T21:43:26.310Z,false,2026-02-21T21:43:26.310Z,2026-02-21T21:43:26.310Z
ee2e8987-d576-4a92-898e-6abb92cf53ed,"Stephen",Male,"Ashanti","Sekyere South","Beenuyie",,,22,,5,[],Active,2026-02-21T21:43:26.310Z,false,2026-02-21T21:43:26.310Z,2026-02-21T21:43:26.310Z
82a4183c-a789-4609-ad82-009c6f88fc48,"Regina",Female,"Ashanti","Sekyere South","Beenuyie",,,22,,4,[],Active,2026-02-21T21:43:26.310Z,false,2026-02-21T21:43:26.310Z,2026-02-21T21:43:26.310Z
d143a686-19b5-414d-9c2d-fd4d40025f33,"Arsina",Female,"Ashanti","Sekyere South","Beenuyie",,,22,,4,[],Active,2026-02-21T21:43:26.310Z,false,2026-02-21T21:43:26.310Z,2026-02-21T21:43:26.310Z
2381adec-8530-4ace-b682-883fdaec2b79,"Mary",Female,"Ashanti","Sekyere South","Beenuyie",,,22,,2,[],Active,2026-02-21T21:43:26.310Z,false,2026-02-21T21:43:26.310Z,2026-02-21T21:43:26.310Z
48c454a3-e8bc-4237-8fae-758f66f56722,"Margaret",Female,"Ashanti","Sekyere South","Beenuyie",,,22,,7,[],Active,2026-02-21T21:43:26.310Z,false,2026-02-21T21:43:26.310Z,2026-02-21T21:43:26.310Z
07a45576-7c48-44ed-9666-5eae5412d4e2,"Akua",Female,"Ashanti","Sekyere South","Beenuyie",,,22,,5,[],Active,2026-02-21T21:43:26.310Z,false,2026-02-21T21:43:26.310Z,2026-02-21T21:43:26.310Z
9de739f7-3eb5-4069-a041-d6971e6b2e19,"Kwesi",Male,"Ashanti","Sekyere South","Beenuyie",,,22,,7,[],Active,2026-02-21T21:43:26.310Z,false,2026-02-21T21:43:26.310Z,2026-02-21T21:43:26.310Z
c7521b29-6a50-4565-bbf9-12779962e02e,"Jona",Male,"Ashanti","Sekyere South","Beenuyie",,,22,,5,[],Active,2026-02-21T21:43:26.310Z,false,2026-02-21T21:43:26.310Z,2026-02-21T21:43:26.310Z
bf5f0334-3b58-41c6-a457-84436a232ce0,"Gladys",Female,"Ashanti","Sekyere South","Beenuyie",,,22,,4,[],Active,2026-02-21T21:43:26.310Z,false,2026-02-21T21:43:26.310Z,2026-02-21T21:43:26.310Z
b0abfc52-ce43-44aa-9828-b1adf324217b,"Kofi",Male,"Ashanti","Sekyere South","Beenuyie",,,22,,5,[],Active,2026-02-21T21:43:26.310Z,false,2026-02-21T21:43:26.310Z,2026-02-21T21:43:26.310Z
77f44886-ccb7-461b-bf71-9566f0e31864,"Jacob",Male,"Ashanti","Sekyere South","Beenuyie",,,22,,4,[],Active,2026-02-21T21:43:26.310Z,false,2026-02-21T21:43:26.310Z,2026-02-21T21:43:26.310Z
a3d11640-a9b7-4107-85bf-9af7371c664b,"James",Male,"Ashanti","Sekyere South","Beenuyie",,,22,,9,[],Active,2026-02-21T21:43:26.310Z,false,2026-02-21T21:43:26.310Z,2026-02-21T21:43:26.310Z
248ebf80-d237-462b-bfaf-644b8ba83b74,"John",Male,"Ashanti","Sekyere South","Beenuyie",,,22,,4,[],Active,2026-02-21T21:43:26.310Z,false,2026-02-21T21:43:26.310Z,2026-02-21T21:43:26.310Z
9a0e3083-e87e-4fbe-a8b2-463da08ce96d,"Jennifer",Female,"Ashanti","Sekyere South","Beenuyie",,,22,,4,[],Active,2026-02-21T21:43:26.310Z,false,2026-02-21T21:43:26.310Z,2026-02-21T21:43:26.310Z
07009ee4-309a-4269-b409-1be3029c6244,"Daniel",Male,"Ashanti","Sekyere South","Beenuyie",,,22,,5,[],Active,2026-02-21T21:43:26.310Z,false,2026-02-21T21:43:26.310Z,2026-02-21T21:43:26.310Z
dcfe6694-6eab-41f7-ac43-79467ebf8013,"Adwoa",Female,"Ashanti","Sekyere South","Beenuyie",,,22,,6,[],Active,2026-02-21T21:43:26.310Z,false,2026-02-21T21:43:26.310Z,2026-02-21T21:43:26.310Z
188a73fd-33c4-4d66-a6d7-efe29a8ca4ee,"Kate",Female,"Ashanti","Sekyere South","Beenuyie",,,22,,5,[],Active,2026-02-21T21:43:26.310Z,false,2026-02-21T21:43:26.310Z,2026-02-21T21:43:26.310Z
62da2b00-7c7b-4b40-b73c-e20724cf2ae7,"Elizabeth",Female,"Ashanti","Sekyere South","Beenuyie",,,22,,6,[],Active,2026-02-21T21:43:26.310Z,false,2026-02-21T21:43:26.310Z,2026-02-21T21:43:26.310Z
4c5e11c0-2c95-41b8-b172-5901c9b2ca54,"Kojo",Male,"Ashanti","Sekyere South","Awawam",,,22,,7,[],Active,2026-02-21T21:43:26.310Z,false,2026-02-21T21:43:26.310Z,2026-02-21T21:43:26.310Z
bceb8f15-945b-4859-ba8a-3cf9e2641d29,"Janet",Female,"Ashanti","Sekyere South","Awawam",,,22,,7,[],Active,2026-02-21T21:43:26.310Z,false,2026-02-21T21:43:26.310Z,2026-02-21T21:43:26.310Z
8a84b971-5241-4a7f-b663-61e04d1fbf38,"Joyce",Female,"Ashanti","Sekyere South","Awawam",,,22,,8,[],Active,2026-02-21T21:43:26.310Z,false,2026-02-21T21:43:26.310Z,2026-02-21T21:43:26.310Z
b77b6a65-8d68-400c-83dd-6f14095fb17f,"John",Male,"Ashanti","Sekyere South","Awawam",,,22,,5,[],Active,2026-02-21T21:43:26.310Z,false,2026-02-21T21:43:26.310Z,2026-02-21T21:43:26.310Z
cabc7d17-2af0-481f-911f-fbf043330511,"Kojo",Male,"Ashanti","Sekyere South","Awawam",,,22,,2,[],Active,2026-02-21T21:43:26.310Z,false,2026-02-21T21:43:26.310Z,2026-02-21T21:43:26.310Z
34072537-afdf-4a77-b59b-8a2ea7e74514,"Kofi",Male,"Ashanti","Sekyere South","Awawam",,,22,,4,[],Active,2026-02-21T21:43:26.310Z,false,2026-02-21T21:43:26.310Z,2026-02-21T21:43:26.310Z
c34bd227-6edb-4ebb-85eb-d6cf958b3673,"Kobina",Male,"Ashanti","Sekyere South","Awawam",,,22,,4,[],Active,2026-02-21T21:43:26.310Z,false,2026-02-21T21:43:26.310Z,2026-02-21T21:43:26.310Z
72c10806-3872-4022-b894-ea1dc328f549,"Kojo",Male,"Ashanti","Sekyere South","Awawam",,,22,,7,[],Active,2026-02-21T21:43:26.310Z,false,2026-02-21T21:43:26.310Z,2026-02-21T21:43:26.310Z
9effa321-9834-4f31-a4f3-78fb52610d86,"Yaw",Male,"Ashanti","Sekyere South","Awawam",,,22,,4,[],Active,2026-02-21T21:43:26.310Z,false,2026-02-21T21:43:26.310Z,2026-02-21T21:43:26.310Z
1a13bc70-8a90-4dd7-ae38-da9dffe0b591,"Elizabeth",Female,"Ashanti","Sekyere South","Awawam",,,22,,6,[],Active,2026-02-21T21:43:26.310Z,false,2026-02-21T21:43:26.310Z,2026-02-21T21:43:26.310Z
a3e713d4-558c-4d01-959a-b820816f4a7b,"Mary",Female,"Ashanti","Sekyere South","Awawam",,,22,,7,[],Active,2026-02-21T21:43:26.310Z,false,2026-02-21T21:43:26.310Z,2026-02-21T21:43:26.310Z
276c20ec-55b5-45b0-ab6e-1e75f1b9d045,"Isaac",Male,"Ashanti","Sekyere South","Awawam",,,22,,7,[],Active,2026-02-21T21:43:26.310Z,false,2026-02-21T21:43:26.310Z,2026-02-21T21:43:26.310Z
2b3db2cd-1f3c-4911-b4aa-f787491e54f0,"Kojo",Male,"Ashanti","Sekyere South","Awawam",,,22,,9,[],Active,2026-02-21T21:43:26.310Z,false,2026-02-21T21:43:26.310Z,2026-02-21T21:43:26.310Z
3b248868-48b7-4d80-ac73-9f3844620b2b,"David",Male,"Ashanti","Sekyere South","Awawam",,,22,,3,[],Active,2026-02-21T21:43:26.310Z,false,2026-02-21T21:43:26.310Z,2026-02-21T21:43:26.310Z
3d14b310-bf42-4d91-a07a-f5dda53b2c68,"Efua",Female,"Ashanti","Sekyere South","Awawam",,,22,,7,[],Active,2026-02-21T21:43:26.310Z,false,2026-02-21T21:43:26.310Z,2026-02-21T21:43:26.310Z
fe07f97b-c6e4-4e9e-a087-ad0c51675cac,"Kwesi",Male,"Ashanti","Sekyere South","Awawam",,,22,,5,[],Active,2026-02-21T21:43:26.310Z,false,2026-02-21T21:43:26.310Z,2026-02-21T21:43:26.310Z
4fb7ccba-c941-4678-ae7d-7e466d89a3f3,"Martin",Male,"Ashanti","Sekyere South","Amponsaso",,,22,,7,[],Active,2026-02-21T21:43:26.310Z,false,2026-02-21T21:43:26.310Z,2026-02-21T21:43:26.310Z
7389d6ee-20f9-402c-a348-55947a1a969c,"Daniel",Male,"Ashanti","Sekyere South","Amponsaso",,,22,,2,[],Active,2026-02-21T21:43:26.310Z,false,2026-02-21T21:43:26.310Z,2026-02-21T21:43:26.310Z
717c9b36-5283-4475-a091-b451ec4d0b39,"Aidan",Male,"Ashanti","Sekyere South","Amponsaso",,,22,,5,[],Active,2026-02-21T21:43:26.310Z,false,2026-02-21T21:43:26.310Z,2026-02-21T21:43:26.310Z
2078a3a5-2238-419b-9c17-a8665744c8ad,"George",Male,"Ashanti","Sekyere South","Amponsaso",,,22,,5,[],Active,2026-02-21T21:43:26.310Z,false,2026-02-21T21:43:26.310Z,2026-02-21T21:43:26.310Z
df673d4c-a673-41c9-ac2a-a55bb1ef2577,"Stephen",Male,"Ashanti","Sekyere South","Amponsaso",,,22,,8,[],Active,2026-02-21T21:43:26.310Z,false,2026-02-21T21:43:26.310Z,2026-02-21T21:43:26.310Z
c240f471-b149-411b-a335-8ca318bcabd2,"Daniel",Male,"Ashanti","Sekyere South","Amponsaso",,,22,,1,[],Active,2026-02-21T21:43:26.310Z,false,2026-02-21T21:43:26.310Z,2026-02-21T21:43:26.310Z
0b154e2a-d363-4aeb-89c5-05716da6d83c,"Francis",Male,"Ashanti","Sekyere South","Amponsaso",,,22,,7,[],Active,2026-02-21T21:43:26.310Z,false,2026-02-21T21:43:26.310Z,2026-02-21T21:43:26.310Z
6e6471d3-2d03-4095-8086-8f7b75785a1e,"Samuel",Male,"Ashanti","Sekyere South","Amponsaso",,,22,,8,[],Active,2026-02-21T21:43:26.310Z,false,2026-02-21T21:43:26.310Z,2026-02-21T21:43:26.310Z
a334a302-2ac2-4143-a06f-95ab38bb3451,"Nicholas",Male,"Ashanti","Sekyere South","Amponsaso",,,22,,5,[],Active,2026-02-21T21:43:26.310Z,false,2026-02-21T21:43:26.310Z,2026-02-21T21:43:26.310Z
2d77b318-8893-4090-aa50-f53b9189f3fc,"Isaac",Male,"Ashanti","Sekyere South","Amponsaso",,,22,,7,[],Active,2026-02-21T21:43:26.310Z,false,2026-02-21T21:43:26.310Z,2026-02-21T21:43:26.310Z
227b51ee-8509-40f6-97c3-77a817808882,"Yakubu",Male,"Ashanti","Sekyere South","Amponsaso",,,22,,7,[],Active,2026-02-21T21:43:26.310Z,false,2026-02-21T21:43:26.310Z,2026-02-21T21:43:26.310Z
2337ddab-0a99-49c6-8cb5-f8b6d875740a,"Patrick",Male,"Ashanti","Sekyere South","Amponsaso",,,22,,8,[],Active,2026-02-21T21:43:26.310Z,false,2026-02-21T21:43:26.310Z,2026-02-21T21:43:26.310Z
0d396f8f-57f5-4a97-b5ea-6626eb451163,"Yahaya",Male,"Ashanti","Sekyere South","Amponsaso",,,22,,9,[],Active,2026-02-21T21:43:26.310Z,false,2026-02-21T21:43:26.310Z,2026-02-21T21:43:26.310Z
f4b698d4-e8c0-4b70-b9db-5f07abeecc04,"Samuel",Male,"Ashanti","Sekyere South","Amponsaso",,,22,,8,[],Active,2026-02-21T21:43:26.310Z,false,2026-02-21T21:43:26.310Z,2026-02-21T21:43:26.310Z
2726aa50-3ecd-40d9-83f5-3d14695c3dad,"David",Male,"Ashanti","Sekyere South","Amponsaso",,,22,,5,[],Active,2026-02-21T21:43:26.310Z,false,2026-02-21T21:43:26.310Z,2026-02-21T21:43:26.310Z
335cef37-a5cc-415f-9714-119350665bd5,"Awuye",Male,"Ashanti","Sekyere South","Amponsaso",,,22,,2,[],Active,2026-02-21T21:43:26.310Z,false,2026-02-21T21:43:26.310Z,2026-02-21T21:43:26.310Z
94752034-cfc5-4ece-a603-f79d0c84a40d,"Emmanuel",Male,"Ashanti","Sekyere South","Amponsaso",,,22,,4,[],Active,2026-02-21T21:43:26.310Z,false,2026-02-21T21:43:26.310Z,2026-02-21T21:43:26.310Z
7ffb08d2-e483-4a30-a90b-84884fde4fd3,"Hannah",Female,"Ashanti","Sekyere South","Amponsaso",,,22,,8,[],Active,2026-02-21T21:43:26.310Z,false,2026-02-21T21:43:26.310Z,2026-02-21T21:43:26.310Z
4943f1ac-15a9-455c-aecd-f4a120b001ef,"Peter",Male,"Ashanti","Sekyere South","Amponsaso",,,22,,7,[],Active,2026-02-21T21:43:26.310Z,false,2026-02-21T21:43:26.310Z,2026-02-21T21:43:26.310Z
4ebdbd72-3bcb-4184-8184-b0e331a7e538,"Samuel",Male,"Ashanti","Sekyere South","Amponsaso",,,22,,4,[],Active,2026-02-21T21:43:26.310Z,false,2026-02-21T21:43:26.310Z,2026-02-21T21:43:26.310Z
e384eea2-c54e-40d2-bd15-aa711a3e142c,"Kwamena",Male,"Ashanti","Sekyere South","Amponsaso",,,22,,7,[],Active,2026-02-21T21:43:26.310Z,false,2026-02-21T21:43:26.310Z,2026-02-21T21:43:26.310Z
47f8584b-6ab0-43ae-80c6-1123bf579745,"Janet",Female,"Ashanti","Sekyere South","Amponsaso",,,22,,8,[],Active,2026-02-21T21:43:26.310Z,false,2026-02-21T21:43:26.310Z,2026-02-21T21:43:26.310Z
a04eef9f-e55e-45d3-984f-7b0c19b15995,"Grace",Female,"Ashanti","Sekyere South","Amponsaso",,,22,,6,[],Active,2026-02-21T21:43:26.310Z,false,2026-02-21T21:43:26.310Z,2026-02-21T21:43:26.310Z
ac80d618-5cb8-4f6e-9ba5-26388b488950,"Enock",Male,"Ashanti","Sekyere South","Amponsaso",,,22,,9,[],Active,2026-02-21T21:43:26.310Z,false,2026-02-21T21:43:26.310Z,2026-02-21T21:43:26.310Z
51703004-b8d5-4221-af43-c8658410599c,"Vida",Female,"Ashanti","Sekyere South","Amponsaso",,,22,,3,[],Active,2026-02-21T21:43:26.310Z,false,2026-02-21T21:43:26.310Z,2026-02-21T21:43:26.310Z
103d2bac-a16b-44ee-95b5-a452797b44d6,"Isaac",Male,"Ashanti","Sekyere South","Amponsaso",,,22,,8,[],Active,2026-02-21T21:43:26.310Z,false,2026-02-21T21:43:26.310Z,2026-02-21T21:43:26.310Z
6cfa6199-e922-456c-95bb-75f79488dd13,"Felicia",Female,"Ashanti","Sekyere South","Amponsaso",,,22,,5,[],Active,2026-02-21T21:43:26.310Z,false,2026-02-21T21:43:26.310Z,2026-02-21T21:43:26.310Z
84eca584-53e9-4fd0-a662-5a786cbb8bac,"Comfort",Female,"Ashanti","Sekyere South","Amponsaso",,,22,,7,[],Active,2026-02-21T21:43:26.310Z,false,2026-02-21T21:43:26.310Z,2026-02-21T21:43:26.310Z
46e456ed-260a-4bce-9262-18747ebe8657,"Comfort Akwaa",Female,"Ashanti","Sekyere South","Amponsaso",,,22,,2,[],Active,2026-02-21T21:43:26.310Z,false,2026-02-21T21:43:26.310Z,2026-02-21T21:43:26.310Z
17b13031-a91e-4175-98e6-b2d8c7d6e342,"Joseph",Male,"Ashanti","Sekyere South","Amponsaso",,,22,,5,[],Active,2026-02-21T21:43:26.310Z,false,2026-02-21T21:43:26.310Z,2026-02-21T21:43:26.310Z
9ec34b7b-87ea-46a2-8888-7137ecefcae7,"Janet",Female,"Ashanti","Sekyere South","Amponsaso",,,22,,5,[],Active,2026-02-21T21:43:26.310Z,false,2026-02-21T21:43:26.310Z,2026-02-21T21:43:26.310Z
85f8cdae-b132-48c0-b558-2f08ba7bc0be,"Samuel",Male,"Ashanti","Sekyere South","Amponsaso",,,22,,8,[],Active,2026-02-21T21:43:26.310Z,false,2026-02-21T21:43:26.310Z,2026-02-21T21:43:26.310Z
1e286502-40c6-440b-beeb-1762f20549ea,"Susuana",Female,"Ashanti","Sekyere South","Amponsaso",,,22,,4,[],Active,2026-02-21T21:43:26.310Z,false,2026-02-21T21:43:26.310Z,2026-02-21T21:43:26.310Z
f42c62f3-1f80-4b94-a936-579396d719c1,"Kofi",Male,"Ashanti","Sekyere South","Amponsaso",,,22,,6,[],Active,2026-02-21T21:43:26.310Z,false,2026-02-21T21:43:26.310Z,2026-02-21T21:43:26.310Z
6dd57dce-4ed7-4a7a-9de8-67edac7be811,"Daniel",Male,"Ashanti","Sekyere South","Amponsaso",,,22,,5,[],Active,2026-02-21T21:43:26.310Z,false,2026-02-21T21:43:26.310Z,2026-02-21T21:43:26.310Z
66ad6903-2725-4855-998c-f5526101d8f0,"Robert",Male,"Ashanti","Sekyere South","Amponsaso",,,22,,3,[],Active,2026-02-21T21:43:26.310Z,false,2026-02-21T21:43:26.310Z,2026-02-21T21:43:26.310Z
7e3424db-f34b-47ea-b3d7-28332a001acf,"Joseph",Male,"Ashanti","Sekyere South","Amponsaso",,,22,,5,[],Active,2026-02-21T21:43:26.310Z,false,2026-02-21T21:43:26.310Z,2026-02-21T21:43:26.310Z
efa2ac13-ab1b-4116-96ab-b02e804dc852,"Mary",Female,"Ashanti","Sekyere South","Amponsaso",,,22,,6,[],Active,2026-02-21T21:43:26.310Z,false,2026-02-21T21:43:26.310Z,2026-02-21T21:43:26.310Z
a505feca-969d-4077-b623-0282615ab95d,"Francis",Male,"Ashanti","Sekyere South","Amponsaso",,,22,,5,[],Active,2026-02-21T21:43:26.310Z,false,2026-02-21T21:43:26.310Z,2026-02-21T21:43:26.310Z
de12b565-870e-4ba4-a07b-858642dede64,"Frank",Male,"Ashanti","Sekyere South","Amponsaso",,,22,,4,[],Active,2026-02-21T21:43:26.310Z,false,2026-02-21T21:43:26.310Z,2026-02-21T21:43:26.310Z
387d08a1-bbe5-4915-954c-9fb54072b514,"Fatimatu",Female,"Ashanti","Sekyere South","Amponsaso",,,22,,7,[],Active,2026-02-21T21:43:26.310Z,false,2026-02-21T21:43:26.310Z,2026-02-21T21:43:26.310Z
4409f80b-de1b-44f4-9559-d955edcad404,"Margaret",Female,"Ashanti","Sekyere South","Amponsaso",,,22,,9,[],Active,2026-02-21T21:43:26.310Z,false,2026-02-21T21:43:26.310Z,2026-02-21T21:43:26.310Z
4d5053f0-412f-4d50-a226-27fc73a4991b,"Salamatu",Female,"Ashanti","Sekyere South","Amponsaso",,,22,,7,[],Active,2026-02-21T21:43:26.310Z,false,2026-02-21T21:43:26.310Z,2026-02-21T21:43:26.310Z
10655ada-8eb9-478e-ab9d-cb1e360005c1,"Paulina",Female,"Ashanti","Sekyere South","Amponsaso",,,22,,5,[],Active,2026-02-21T21:43:26.310Z,false,2026-02-21T21:43:26.310Z,2026-02-21T21:43:26.310Z
1efd53db-e112-418c-852a-636204041b7b,"Gladys",Female,"Ashanti","Sekyere South","Amponsaso",,,22,,5,[],Active,2026-02-21T21:43:26.310Z,false,2026-02-21T21:43:26.310Z,2026-02-21T21:43:26.310Z
48dc911e-954e-4109-bddb-c056abb4d6c9,"Prince",Male,"Ashanti","Sekyere South","Amponsaso",,,22,,5,[],Active,2026-02-21T21:43:26.310Z,false,2026-02-21T21:43:26.310Z,2026-02-21T21:43:26.310Z
9ef5ebae-984a-4291-8d66-2dbe889f8d81,"Florence",Female,"Ashanti","Sekyere South","Amponsaso",,,22,,4,[],Active,2026-02-21T21:43:26.310Z,false,2026-02-21T21:43:26.310Z,2026-02-21T21:43:26.310Z
06d44cd5-d435-424f-bfcf-62acdad695c1,"Martha",Female,"Ashanti","Sekyere South","Amponsaso",,,22,,4,[],Active,2026-02-21T21:43:26.310Z,false,2026-02-21T21:43:26.310Z,2026-02-21T21:43:26.310Z
8f3ba383-b383-470c-b25b-96661e5046d8,"Mary",Female,"Ashanti","Sekyere South","Amponsaso",,,22,,2,[],Active,2026-02-21T21:43:26.310Z,false,2026-02-21T21:43:26.310Z,2026-02-21T21:43:26.310Z
12fa91b1-b8f1-46c3-aaea-120428eb8513,"Felicia",Female,"Ashanti","Sekyere South","Amponsaso",,,22,,5,[],Active,2026-02-21T21:43:26.310Z,false,2026-02-21T21:43:26.310Z,2026-02-21T21:43:26.310Z
f64642a1-5be0-4f37-9225-e209c577bece,"Agnes",Female,"Ashanti","Sekyere South","Amponsaso",,,22,,4,[],Active,2026-02-21T21:43:26.310Z,false,2026-02-21T21:43:26.310Z,2026-02-21T21:43:26.310Z
e3602273-22c8-43dc-acfb-557d000c11cf,"Samuel",Male,"Ashanti","Sekyere South","Amponsaso",,,22,,5,[],Active,2026-02-21T21:43:26.310Z,false,2026-02-21T21:43:26.310Z,2026-02-21T21:43:26.310Z
ab0436f0-081d-4156-9c46-3ab471bf9b78,"Sister",Female,"Ashanti","Sekyere South","Amponsaso",,,22,,6,[],Active,2026-02-21T21:43:26.310Z,false,2026-02-21T21:43:26.310Z,2026-02-21T21:43:26.310Z
37cd7c21-a871-4b49-9cd0-57032f5680af,"Dora",Female,"Ashanti","Sekyere South","Amponsaso",,,22,,7,[],Active,2026-02-21T21:43:26.310Z,false,2026-02-21T21:43:26.310Z,2026-02-21T21:43:26.310Z
3a0f0471-21db-42ae-8c2c-73c61a67f750,"Stephen",Male,"Ashanti","Sekyere South","Amponsaso",,,22,,8,[],Active,2026-02-21T21:43:26.310Z,false,2026-02-21T21:43:26.310Z,2026-02-21T21:43:26.310Z
b6be5eb7-c7fd-44c5-95ac-fb5a8116a2a1,"Kofi",Male,"Ashanti","Sekyere South","Amponsaso",,,22,,2,[],Active,2026-02-21T21:43:26.310Z,false,2026-02-21T21:43:26.310Z,2026-02-21T21:43:26.310Z
4bdb5a59-e235-4ba7-8a69-a3beee38551e,"Beatrice",Female,"Ashanti","Sekyere South","Amponsaso",,,22,,6,[],Active,2026-02-21T21:43:26.310Z,false,2026-02-21T21:43:26.310Z,2026-02-21T21:43:26.310Z
0f06ee8e-dcbc-43cc-ba89-362c0854bc23,"Emmanuel Snr",Male,"Ashanti","Sekyere South","Amponsaso",,,22,,6,[],Active,2026-02-21T21:43:26.310Z,false,2026-02-21T21:43:26.310Z,2026-02-21T21:43:26.310Z
a2c09e46-8a9f-4b24-85c1-38b84c31c564,"Yeboah",Male,"Ashanti","Sekyere South","Amponsaso",,,27,,3,[],Active,2026-02-21T21:43:26.310Z,false,2026-02-21T21:43:26.310Z,2026-02-21T21:43:26.310Z
f2c9b76d-86d7-433e-a736-79f54235b188,"Sampson",Male,"Ashanti","Sekyere South","Amponsaso",,,23,,7,[],Active,2026-02-21T21:43:26.310Z,false,2026-02-21T21:43:26.310Z,2026-02-21T21:43:26.310Z
b1158fae-bfcb-4600-bf27-4c4af5920379,"Simon",Male,"Ashanti","Sekyere South","Amponsaso",,,29,,6,[],Active,2026-02-21T21:43:26.310Z,false,2026-02-21T21:43:26.310Z,2026-02-21T21:43:26.310Z
bfee14fb-823e-4bc9-a56b-1a710f9047e7,"Sampson",Male,"Ashanti","Sekyere South","Amponsaso",,,20,,9,[],Active,2026-02-21T21:43:26.310Z,false,2026-02-21T21:43:26.310Z,2026-02-21T21:43:26.310Z
25071e6c-34ca-4bfe-bbfb-89071757bc02,"Alex",Male,"Ashanti","Sekyere South","Amponsaso",,,28,,4,[],Active,2026-02-21T21:43:26.310Z,false,2026-02-21T21:43:26.310Z,2026-02-21T21:43:26.310Z
5af71180-8570-4976-938c-e67dd3d619b9,"Jonathan",Male,"Ashanti","Sekyere South","Amponsaso",,,24,,6,[],Active,2026-02-21T21:43:26.310Z,false,2026-02-21T21:43:26.310Z,2026-02-21T21:43:26.310Z
3039fa14-34c9-4c48-8f9d-077ef76d3235,"Janet",Female,"Ashanti","Sekyere South","Amponsaso",,,20,,7,[],Active,2026-02-21T21:43:26.310Z,false,2026-02-21T21:43:26.310Z,2026-02-21T21:43:26.310Z
7fb3f2b7-ef3d-43a3-94b1-b0f92fc937e8,"William",Male,"Ashanti","Sekyere South","Amponsaso",,,25,,7,[],Active,2026-02-21T21:43:26.310Z,false,2026-02-21T21:43:26.310Z,2026-02-21T21:43:26.310Z
c1736969-a7f9-4019-a468-afd4dfe7ee3f,"Emmanuel",Male,"Ashanti","Sekyere South","Amponsaso",,,26,,6,[],Active,2026-02-21T21:43:26.310Z,false,2026-02-21T21:43:26.310Z,2026-02-21T21:43:26.310Z
28ebd443-826a-4607-869c-0cd586adec5f,"Elizerbeth",Female,"Ashanti","Sekyere South","Amponsaso",,,26,,4,[],Active,2026-02-21T21:43:26.310Z,false,2026-02-21T21:43:26.310Z,2026-02-21T21:43:26.310Z
eefe177d-bbb2-4d73-87f5-a97a3861b543,"Dinna",Female,"Ashanti","Sekyere South","Amponsaso",,,21,,3,[],Active,2026-02-21T21:43:26.310Z,false,2026-02-21T21:43:26.310Z,2026-02-21T21:43:26.310Z
d1556af8-bc89-4bdc-a0f8-65f06cca4df6,"Romeo",Male,"Ashanti","Sekyere South","Amponsaso",,,21,,5,[],Active,2026-02-21T21:43:26.310Z,false,2026-02-21T21:43:26.310Z,2026-02-21T21:43:26.310Z
f27ef7d4-9d48-4354-a7a0-14a040e331e1,"Charles",Male,"Ashanti","Sekyere South","Amponsaso",,,21,,3,[],Active,2026-02-21T21:43:26.310Z,false,2026-02-21T21:43:26.310Z,2026-02-21T21:43:26.310Z
11e5c807-a8d4-41ec-a2f7-0fa9cccd824c,"Cecilia",Female,"Ashanti","Sekyere South","Amponsaso",,,20,,8,[],Active,2026-02-21T21:43:26.310Z,false,2026-02-21T21:43:26.310Z,2026-02-21T21:43:26.310Z
fec4ad27-3c17-42ae-bfc6-6e0169871c5b,"Samuel",Female,"Ashanti","Sekyere South","Amponsaso",,,22,,2,[],Active,2026-02-21T21:43:26.310Z,false,2026-02-21T21:43:26.310Z,2026-02-21T21:43:26.310Z
48e137d8-a4bb-48b5-ab81-01ca172f259c,"Martha",Female,"Ashanti","Sekyere South","Amponsaso",,,22,,7,[],Active,2026-02-21T21:43:26.310Z,false,2026-02-21T21:43:26.310Z,2026-02-21T21:43:26.310Z
1f49c7fc-5146-4813-b06c-091f690dc173,"Juliana",Female,"Ashanti","Sekyere South","Amponsaso",,,22,,7,[],Active,2026-02-21T21:43:26.310Z,false,2026-02-21T21:43:26.310Z,2026-02-21T21:43:26.310Z
2218b20c-ba94-46b8-a494-fa0feaf76a55,"Faustina",Female,"Ashanti","Sekyere South","Amponsaso",,,22,,7,[],Active,2026-02-21T21:43:26.310Z,false,2026-02-21T21:43:26.310Z,2026-02-21T21:43:26.310Z
663102dc-cceb-4d64-a949-d7b85c0ce071,"Felicia",Female,"Ashanti","Sekyere South","Amponsaso",,,22,,4,[],Active,2026-02-21T21:43:26.310Z,false,2026-02-21T21:43:26.310Z,2026-02-21T21:43:26.310Z
1409b240-0424-448f-aaba-014e429232f5,"Clement",Male,"Ashanti","Sekyere South","Amponsaso",,,22,,5,[],Active,2026-02-21T21:43:26.310Z,false,2026-02-21T21:43:26.310Z,2026-02-21T21:43:26.310Z
9264a5a7-8de5-491c-96db-dff6710b4b63,"Isaac Appenteng",Male,"Ashanti","Sekyere South","Amponsaso",,,22,,6,[],Active,2026-02-21T21:43:26.310Z,false,2026-02-21T21:43:26.310Z,2026-02-21T21:43:26.310Z
80617b8e-73f0-4f45-a849-1e467c509bfc,"Emmanuel",Male,"Ashanti","Sekyere South","Amponsaso",,,22,,4,[],Active,2026-02-21T21:43:26.310Z,false,2026-02-21T21:43:26.310Z,2026-02-21T21:43:26.310Z
13dbdb36-4117-4211-85b4-a27023ce35b4,"Sonyametor",Female,"Ashanti","Sekyere South","Amponsaso",,,22,,4,[],Active,2026-02-21T21:43:26.310Z,false,2026-02-21T21:43:26.310Z,2026-02-21T21:43:26.310Z
51e4e75e-84aa-40c7-a90e-5f461a94f71a,"Edward Osei",Male,"Ashanti","Sekyere South","Amponsaso",,,22,,6,[],Active,2026-02-21T21:43:26.310Z,false,2026-02-21T21:43:26.310Z,2026-02-21T21:43:26.310Z
2898fb55-4880-4706-b9f0-64f0ea1760a6,"Alex",Male,"Ashanti","Sekyere South","Amponsaso",,,22,,7,[],Active,2026-02-21T21:43:26.310Z,false,2026-02-21T21:43:26.310Z,2026-02-21T21:43:26.310Z
d3f296e7-ac8f-430e-9b52-d1003b86173c,"Gladys",Female,"Ashanti","Sekyere South","Amponsaso",,,22,,7,[],Active,2026-02-21T21:43:26.310Z,false,2026-02-21T21:43:26.310Z,2026-02-21T21:43:26.310Z
7add8d92-c287-4a77-8b20-81146a4a0695,"Margaret",Female,"Ashanti","Sekyere South","Amponsaso",,,22,,5,[],Active,2026-02-21T21:43:26.310Z,false,2026-02-21T21:43:26.310Z,2026-02-21T21:43:26.310Z
faa1cf6d-3f38-4546-b688-1407381dcd2f,"Atta",Male,"Ashanti","Sekyere South","Amponsaso",,,22,,6,[],Active,2026-02-21T21:43:26.310Z,false,2026-02-21T21:43:26.310Z,2026-02-21T21:43:26.310Z
f41fc609-a852-4610-8abb-b9812077da05,"Samuel",Male,"Ashanti","Sekyere South","Amponsaso",,,22,,4,[],Active,2026-02-21T21:43:26.310Z,false,2026-02-21T21:43:26.310Z,2026-02-21T21:43:26.310Z
6b67d6dc-eeb3-486a-8c6e-87dc7082bf53,"Elizerbeth",Female,"Ashanti","Sekyere South","Amponsaso",,,22,,3,[],Active,2026-02-21T21:43:26.310Z,false,2026-02-21T21:43:26.310Z,2026-02-21T21:43:26.310Z
2799b338-92d1-46ae-8f32-ca19d02f302c,"Emmanuel",Male,"Ashanti","Sekyere South","Amponsaso",,,22,,6,[],Active,2026-02-21T21:43:26.310Z,false,2026-02-21T21:43:26.310Z,2026-02-21T21:43:26.310Z
5ce6442d-c306-4ef1-8675-eb097934e9bf,"Ernest A.",Male,"Ashanti","Sekyere South","Amponsaso",,,22,,6,[],Active,2026-02-21T21:43:26.310Z,false,2026-02-21T21:43:26.310Z,2026-02-21T21:43:26.310Z
36a36338-5c6c-4446-9ecc-262683df509c,"Margaret",Female,"Ashanti","Sekyere South","Amponsaso",,,22,,6,[],Active,2026-02-21T21:43:26.310Z,false,2026-02-21T21:43:26.310Z,2026-02-21T21:43:26.310Z
f3dc5ca4-752d-439a-83db-61a8892808ed,"Kujo",Male,"Ashanti","Sekyere South","Amponsaso",,,22,,6,[],Active,2026-02-21T21:43:26.310Z,false,2026-02-21T21:43:26.310Z,2026-02-21T21:43:26.310Z
01cd9963-3f40-4a41-8393-68f57bd27d5e,"Akosua",Female,"Ashanti","Sekyere South","Amponsaso",,,22,,6,[],Active,2026-02-21T21:43:26.310Z,false,2026-02-21T21:43:26.310Z,2026-02-21T21:43:26.310Z
5b09bf1f-4020-4ffc-aa0d-371b9bfc5799,"Solomon",Male,"Ashanti","Sekyere South","Amponsaso",,,22,,5,[],Active,2026-02-21T21:43:26.310Z,false,2026-02-21T21:43:26.310Z,2026-02-21T21:43:26.310Z
06a1c503-606a-49a0-88bb-47274a7dbab3,"Mary",Female,"Ashanti","Sekyere South","Amponsaso",,,22,,7,[],Active,2026-02-21T21:43:26.310Z,false,2026-02-21T21:43:26.310Z,2026-02-21T21:43:26.310Z
bb2aa393-a2b8-4456-ab97-eb74a1009815,"Kwaku",Male,"Ashanti","Sekyere South","Amponsaso",,,21,,4,[],Active,2026-02-21T21:43:26.310Z,false,2026-02-21T21:43:26.310Z,2026-02-21T21:43:26.310Z
6ce3bfd3-92dc-44f4-8fb9-ddb0dc50c1c6,"Janet",Female,"Ashanti","Sekyere South","Amponsaso",,,25,,5,[],Active,2026-02-21T21:43:26.310Z,false,2026-02-21T21:43:26.310Z,2026-02-21T21:43:26.310Z
6e21ca61-e38a-4924-adcf-093d5709fa9f,"Elizerbeth",Female,"Ashanti","Sekyere South","Amponsaso",,,23,,7,[],Active,2026-02-21T21:43:26.310Z,false,2026-02-21T21:43:26.310Z,2026-02-21T21:43:26.310Z
2babebed-3dcf-4aa8-8dbd-c52701350376,"Kofi",Male,"Ashanti","Sekyere South","Amponsaso",,,24,,6,[],Active,2026-02-21T21:43:26.310Z,false,2026-02-21T21:43:26.310Z,2026-02-21T21:43:26.310Z
de34c34f-b08b-4f27-a802-7bd58d018df8,"Georgina",Female,"Ashanti","Sekyere South","Amponsaso",,,27,,5,[],Active,2026-02-21T21:43:26.310Z,false,2026-02-21T21:43:26.310Z,2026-02-21T21:43:26.310Z
26772765-d0c3-4350-8438-45a205b53f05,"Daniel",Male,"Ashanti","Sekyere South","Amponsaso",,,28,,3,[],Active,2026-02-21T21:43:26.310Z,false,2026-02-21T21:43:26.310Z,2026-02-21T21:43:26.310Z
73160b5a-9d1d-47cc-af22-d89c9be34104,"Agnes",Female,"Ashanti","Sekyere South","Amponsaso",,,28,,5,[],Active,2026-02-21T21:43:26.310Z,false,2026-02-21T21:43:26.310Z,2026-02-21T21:43:26.310Z
e4e2f182-d010-4053-8d27-94f07513b6a4,"Mercy",Female,"Ashanti","Sekyere South","Amponsaso",,,27,,5,[],Active,2026-02-21T21:43:26.310Z,false,2026-02-21T21:43:26.310Z,2026-02-21T21:43:26.310Z
acb63a9a-cf0b-4e0b-9746-6c6b78c4bc42,"Comfort",Female,"Ashanti","Sekyere South","Amponsaso",,,28,,2,[],Active,2026-02-21T21:43:26.310Z,false,2026-02-21T21:43:26.310Z,2026-02-21T21:43:26.310Z
9ee76d7b-89c8-49cf-9bdb-48441a5ddf41,"George",Male,"Ashanti","Sekyere South","Amponsaso",,,29,,4,[],Active,2026-02-21T21:43:26.310Z,false,2026-02-21T21:43:26.310Z,2026-02-21T21:43:26.310Z
0e9415c8-e1fc-4560-824c-55be380605e8,"Mary Afari Amabea",Female,"Ashanti","Sekyere South","Amponsaso",,,23,,5,[],Active,2026-02-21T21:43:26.310Z,false,2026-02-21T21:43:26.310Z,2026-02-21T21:43:26.310Z
487ff1dc-f2c4-4be9-a88a-edcbd704cadc,"Solomon",Male,"Ashanti","Sekyere South","Amponsaso",,,24,,5,[],Active,2026-02-21T21:43:26.310Z,false,2026-02-21T21:43:26.310Z,2026-02-21T21:43:26.310Z
6f8bfa86-7f03-4acd-bd70-61e03c455b0f,"Musah",Male,"Ashanti","Sekyere South","Amponsaso",,,25,,5,[],Active,2026-02-21T21:43:26.310Z,false,2026-02-21T21:43:26.310Z,2026-02-21T21:43:26.310Z
82ac2e05-27da-49d9-b432-792277dde196,"Gifty",Female,"Ashanti","Sekyere South","Amponsaso",,,22,,4,[],Active,2026-02-21T21:43:26.310Z,false,2026-02-21T21:43:26.310Z,2026-02-21T21:43:26.310Z
ad2845ed-f75c-47ce-879e-31bac4e1b69c,"Suleman",Male,"Ashanti","Sekyere South","Amponsaso",,,22,,4,[],Active,2026-02-21T21:43:26.310Z,false,2026-02-21T21:43:26.310Z,2026-02-21T21:43:26.310Z
16ef8c99-0ca3-42b0-b7ab-d36c07870cc1,"Stephen",Male,"Ashanti","Sekyere South","Amponsaso",,,22,,2,[],Active,2026-02-21T21:43:26.310Z,false,2026-02-21T21:43:26.310Z,2026-02-21T21:43:26.310Z
56797526-3a82-4eda-8246-72b8253f74d7,"Osumanu",Female,"Ashanti","Sekyere South","Amponsaso",,,24,,7,[],Active,2026-02-21T21:43:26.310Z,false,2026-02-21T21:43:26.310Z,2026-02-21T21:43:26.310Z
87e640d4-4b51-4813-846a-4f3ade28bd2b,"John",Male,"Ashanti","Sekyere South","Amponsaso",,,21,,5,[],Active,2026-02-21T21:43:26.310Z,false,2026-02-21T21:43:26.310Z,2026-02-21T21:43:26.310Z
c6f6bab5-d21f-4935-b585-1aa5d211929c,"Comfort Afari",Female,"Ashanti","Sekyere South","Amponsaso",,,25,,7,[],Active,2026-02-21T21:43:26.310Z,false,2026-02-21T21:43:26.310Z,2026-02-21T21:43:26.310Z
dd033ef9-edd9-475a-a358-43d658e5c166,"Thomas Kofi",Male,"Ashanti","Sekyere South","Amponsaso",,,23,,5,[],Active,2026-02-21T21:43:26.310Z,false,2026-02-21T21:43:26.310Z,2026-02-21T21:43:26.310Z
9f6c67f5-cad2-4bd7-8dae-9bc316b7566c,"Martin Yaw",Male,"Ashanti","Sekyere South","Amponsaso",,,24,,4,[],Active,2026-02-21T21:43:26.310Z,false,2026-02-21T21:43:26.310Z,2026-02-21T21:43:26.310Z
9d3cade9-cd3b-4795-b4d1-3ed7715262db,"Kwaku",Male,"Ashanti","Sekyere South","Amponsaso",,,25,,5,[],Active,2026-02-21T21:43:26.310Z,false,2026-02-21T21:43:26.310Z,2026-02-21T21:43:26.310Z
7841c33d-c132-4b96-9b5e-67e03dd1ae72,"Janet",Female,"Ashanti","Sekyere South","Amponsaso",,,23,,4,[],Active,2026-02-21T21:43:26.310Z,false,2026-02-21T21:43:26.310Z,2026-02-21T21:43:26.310Z
0d770ab8-558c-4042-8ba6-e1689c21c9fe,"Kwaku",Male,"Ashanti","Sekyere South","Amponsaso",,,24,,9,[],Active,2026-02-21T21:43:26.310Z,false,2026-02-21T21:43:26.310Z,2026-02-21T21:43:26.310Z
8496af7f-6bd6-4278-a2d5-b6d9c5200d09,"Stephen",Male,"Ashanti","Sekyere South","Amponsaso",,,21,,4,[],Active,2026-02-21T21:43:26.310Z,false,2026-02-21T21:43:26.310Z,2026-02-21T21:43:26.310Z
d56b6481-10db-4da2-b6be-2c316aa7e643,"Janet",Female,"Ashanti","Sekyere South","Amponsaso",,,25,,4,[],Active,2026-02-21T21:43:26.310Z,false,2026-02-21T21:43:26.310Z,2026-02-21T21:43:26.310Z
de1eb261-386e-4a93-b574-23ad705dbe2c,"Elizerbeth",Female,"Ashanti","Sekyere South","Amponsaso",,,26,,5,[],Active,2026-02-21T21:43:26.310Z,false,2026-02-21T21:43:26.310Z,2026-02-21T21:43:26.310Z
f7de9d51-878d-4b44-a4af-41b1f987be8d,"Kofi",Male,"Ashanti","Sekyere South","Amponsaso",,,23,,6,[],Active,2026-02-21T21:43:26.310Z,false,2026-02-21T21:43:26.310Z,2026-02-21T21:43:26.310Z
cede1616-d34b-4e52-adfb-d49b06962374,"Georgina",Female,"Ashanti","Sekyere South","Amponsaso",,,21,,5,[],Active,2026-02-21T21:43:26.310Z,false,2026-02-21T21:43:26.310Z,2026-02-21T21:43:26.310Z
9571df42-37e9-4941-b4bc-91f5e09ead4a,"Felix",Male,"Ashanti","Sekyere South","Amponsaso",,,24,,6,[],Active,2026-02-21T21:43:26.310Z,false,2026-02-21T21:43:26.310Z,2026-02-21T21:43:26.310Z
18d9855f-c3fb-48f0-9fc9-7bf4b4a98bea,"Daniel",Male,"Ashanti","Sekyere South","Amponsaso",,,25,,7,[],Active,2026-02-21T21:43:26.310Z,false,2026-02-21T21:43:26.310Z,2026-02-21T21:43:26.310Z
58dfb3cf-2e5a-4c2a-8f43-e059ac54a440,"Agnes",Female,"Ashanti","Sekyere South","Amponsaso",,,27,,8,[],Active,2026-02-21T21:43:26.310Z,false,2026-02-21T21:43:26.310Z,2026-02-21T21:43:26.310Z
195da2b4-dd54-4fdf-bd56-e0e1a0350bc4,"Comfort",Female,"Ashanti","Sekyere South","Amponsaso",,,22,,5,[],Active,2026-02-21T21:43:26.310Z,false,2026-02-21T21:43:26.310Z,2026-02-21T21:43:26.310Z
e883a139-bcbc-42cd-8f1c-4fa0df4ef99a,"George",Male,"Ashanti","Sekyere South","Amponsaso",,,22,,2,[],Active,2026-02-21T21:43:26.310Z,false,2026-02-21T21:43:26.310Z,2026-02-21T21:43:26.310Z
ecae23a5-6bb9-41c0-be1d-2d48829a462d,"Mary Afari Amabea",Female,"Ashanti","Sekyere South","Amponsaso",,,22,,4,[],Active,2026-02-21T21:43:26.310Z,false,2026-02-21T21:43:26.310Z,2026-02-21T21:43:26.310Z
3aa70775-88c0-44c9-b26c-f63f3335eb1a,"Mary Afari",Female,"Ashanti","Sekyere South","Amponsaso",,,22,,4,[],Active,2026-02-21T21:43:26.310Z,false,2026-02-21T21:43:26.310Z,2026-02-21T21:43:26.310Z
e4044ccc-c44d-47c2-9eb5-8fd0230de2e8,"Solomon",Male,"Ashanti","Sekyere South","Amponsaso",,,22,,7,[],Active,2026-02-21T21:43:26.310Z,false,2026-02-21T21:43:26.310Z,2026-02-21T21:43:26.310Z
f071ab91-f6d8-45a4-949a-09601c1b0d40,"Musah",Male,"Ashanti","Sekyere South","Amponsaso",,,22,,4,[],Active,2026-02-21T21:43:26.310Z,false,2026-02-21T21:43:26.310Z,2026-02-21T21:43:26.310Z
6b992f34-092f-4a4e-af57-ef4571623cab,"Gifty",Female,"Ashanti","Sekyere South","Amponsaso",,,22,,6,[],Active,2026-02-21T21:43:26.310Z,false,2026-02-21T21:43:26.310Z,2026-02-21T21:43:26.310Z
159558b0-6f67-4511-89c8-7941168308f4,"Suleman",Male,"Ashanti","Sekyere South","Amponsaso",,,22,,7,[],Active,2026-02-21T21:43:26.310Z,false,2026-02-21T21:43:26.310Z,2026-02-21T21:43:26.310Z
1c516eef-72a3-41b4-8fad-9076320cc732,"Stephen",Male,"Ashanti","Sekyere South","Amponsaso",,,22,,7,[],Active,2026-02-21T21:43:26.310Z,false,2026-02-21T21:43:26.310Z,2026-02-21T21:43:26.310Z
88008f06-a810-4dda-8b43-e89af9158dcf,"Salamatu Osumanu",Female,"Ashanti","Sekyere South","Amponsaso",,,22,,9,[],Active,2026-02-21T21:43:26.310Z,false,2026-02-21T21:43:26.310Z,2026-02-21T21:43:26.310Z
6be109ce-99ce-4705-a1c2-92596e9d9c9f,"Julius",Male,"Ashanti","Sekyere South","Amponsaso",,,22,,3,[],Active,2026-02-21T21:43:26.310Z,false,2026-02-21T21:43:26.310Z,2026-02-21T21:43:26.310Z
70130086-dff6-444b-8165-b309e1c522d0,"Alex",Male,"Ashanti","Sekyere South","Amponsaso",,,22,,7,[],Active,2026-02-21T21:43:26.310Z,false,2026-02-21T21:43:26.310Z,2026-02-21T21:43:26.310Z
307ec0cf-ca1c-49a7-82b9-1cfa7f194135,"John",Male,"Ashanti","Sekyere South","Amponsaso",,,22,,5,[],Active,2026-02-21T21:43:26.310Z,false,2026-02-21T21:43:26.310Z,2026-02-21T21:43:26.310Z
16874e84-96fd-4c02-b18f-de2f4a501459,"Comfort Afari",Female,"Ashanti","Sekyere South","Amponsaso",,,22,,7,[],Active,2026-02-21T21:43:26.310Z,false,2026-02-21T21:43:26.310Z,2026-02-21T21:43:26.310Z
0319372d-ebe0-4060-8cbf-c47732f56650,"Thomas Kofi",Male,"Ashanti","Sekyere South","Amponsaso",,,22,,2,[],Active,2026-02-21T21:43:26.310Z,false,2026-02-21T21:43:26.310Z,2026-02-21T21:43:26.310Z
3c348028-809c-4116-8929-14f05203dd3f,"Martin Yaw",Male,"Ashanti","Sekyere South","Amponsaso",,,22,,5,[],Active,2026-02-21T21:43:26.310Z,false,2026-02-21T21:43:26.310Z,2026-02-21T21:43:26.310Z
49376dd6-ce87-4082-b56b-f14c65b0c83d,"Mercy",Male,"Ashanti","Sekyere South","Amponsaso",,,22,,5,[],Active,2026-02-21T21:43:26.310Z,false,2026-02-21T21:43:26.310Z,2026-02-21T21:43:26.310Z
5d405286-7100-4eff-a153-545f54241bb2,"Kwaku",Male,"Ashanti","Sekyere South","Amponsaso",,,22,,8,[],Active,2026-02-21T21:43:26.310Z,false,2026-02-21T21:43:26.310Z,2026-02-21T21:43:26.310Z
7d926e18-a5a4-47d4-9694-12723e336246,"Marriatu",Female,"Ashanti","Sekyere South","Amponsaso",,,22,,1,[],Active,2026-02-21T21:43:26.310Z,false,2026-02-21T21:43:26.310Z,2026-02-21T21:43:26.310Z
a53d499a-4f4d-4be3-833f-b43294dc4af3,"Martha",Female,"Ashanti","Sekyere South","Anto",,,22,,7,[],Active,2026-02-21T21:43:26.310Z,false,2026-02-21T21:43:26.310Z,2026-02-21T21:43:26.310Z
15951cdc-1735-47aa-8c7d-5fcab5974bca,"Kwesi",Male,"Ashanti","Sekyere South","Anto",,,22,,8,[],Active,2026-02-21T21:43:26.310Z,false,2026-02-21T21:43:26.310Z,2026-02-21T21:43:26.310Z
d440b397-e367-412f-b8ea-3d39240474f3,"Afua",Female,"Ashanti","Sekyere South","Anto",,,22,,5,[],Active,2026-02-21T21:43:26.310Z,false,2026-02-21T21:43:26.310Z,2026-02-21T21:43:26.310Z
d0556351-c379-4950-a846-2f7ae1fb04a6,"Kwame",Male,"Ashanti","Sekyere South","Anto",,,22,,7,[],Active,2026-02-21T21:43:26.310Z,false,2026-02-21T21:43:26.310Z,2026-02-21T21:43:26.310Z
cff1d01a-213a-4b8c-a278-6b61586331f5,"Emmanuel Djonobuah",Male,"Ashanti","Sekyere South","Anto",,,22,,7,[],Active,2026-02-21T21:43:26.310Z,false,2026-02-21T21:43:26.310Z,2026-02-21T21:43:26.310Z
53f69faa-7f6d-4877-aee8-69f72d192486,"Kodwo",Male,"Ashanti","Sekyere South","Anto",,,22,,8,[],Active,2026-02-21T21:43:26.310Z,false,2026-02-21T21:43:26.310Z,2026-02-21T21:43:26.310Z
767b3543-3a6c-4150-a5f2-ad9174771d82,"Esther",Female,"Ashanti","Sekyere South","Anto",,,22,,9,[],Active,2026-02-21T21:43:26.310Z,false,2026-02-21T21:43:26.310Z,2026-02-21T21:43:26.310Z
74b1ef9d-0254-42c2-98ba-4fbb94ae01a2,"Gifty",Female,"Ashanti","Sekyere South","Anto",,,22,,8,[],Active,2026-02-21T21:43:26.310Z,false,2026-02-21T21:43:26.310Z,2026-02-21T21:43:26.310Z
16512dcc-f997-4523-8bd9-1dfe10603217,"Grace",Female,"Ashanti","Sekyere South","Anto",,,22,,5,[],Active,2026-02-21T21:43:26.310Z,false,2026-02-21T21:43:26.310Z,2026-02-21T21:43:26.310Z
b8c2d534-c9d5-48a4-92ad-47ce6cc6252d,"Isaac",Male,"Ashanti","Sekyere South","Anto",,,22,,2,[],Active,2026-02-21T21:43:26.310Z,false,2026-02-21T21:43:26.310Z,2026-02-21T21:43:26.310Z
49b4f3d3-5bdf-4380-91af-31ca291a3713,"Patrick",Male,"Ashanti","Sekyere South","Anto",,,22,,4,[],Active,2026-02-21T21:43:26.310Z,false,2026-02-21T21:43:26.310Z,2026-02-21T21:43:26.310Z
9679c7ac-d238-4776-bcc3-dbf7a566eb46,"Mary",Female,"Ashanti","Sekyere South","Anto",,,22,,8,[],Active,2026-02-21T21:43:26.310Z,false,2026-02-21T21:43:26.310Z,2026-02-21T21:43:26.310Z
2502eb2a-8255-4d59-9faa-ff649e0ffe8a,"Alex",Male,"Ashanti","Sekyere South","Anto",,,22,,7,[],Active,2026-02-21T21:43:26.310Z,false,2026-02-21T21:43:26.310Z,2026-02-21T21:43:26.310Z
8eb47d83-0efc-49c4-8490-133599d5449c,"Kwesi",Male,"Ashanti","Sekyere South","Anto",,,22,,4,[],Active,2026-02-21T21:43:26.310Z,false,2026-02-21T21:43:26.310Z,2026-02-21T21:43:26.310Z
b857a9d0-cc62-4782-b686-710c0ec0adfb,"Abena",Female,"Ashanti","Sekyere South","Anto",,,22,,7,[],Active,2026-02-21T21:43:26.310Z,false,2026-02-21T21:43:26.310Z,2026-02-21T21:43:26.310Z
1d123f98-78ad-4a74-9fa9-17fbca699c93,"Ibrahim",Male,"Ashanti","Sekyere South","Anto",,,22,,8,[],Active,2026-02-21T21:43:26.310Z,false,2026-02-21T21:43:26.310Z,2026-02-21T21:43:26.310Z
5d12d0e0-accb-42c3-8d05-5c34f3423109,"Aba",Female,"Ashanti","Sekyere South","Anto",,,22,,6,[],Active,2026-02-21T21:43:26.310Z,false,2026-02-21T21:43:26.310Z,2026-02-21T21:43:26.310Z
58386725-a5ac-4fb7-87ac-f86b5e701c01,"Alex",Male,"Ashanti","Sekyere South","Anto",,,22,,9,[],Active,2026-02-21T21:43:26.310Z,false,2026-02-21T21:43:26.310Z,2026-02-21T21:43:26.310Z
9193543c-f0c1-4c67-9ae6-37a0832923e5,"Christopher",Male,"Ashanti","Sekyere South","Anto",,,22,,3,[],Active,2026-02-21T21:43:26.310Z,false,2026-02-21T21:43:26.310Z,2026-02-21T21:43:26.310Z
0ca5d269-3625-41c9-a804-e5cc3a888347,"Yaw",Male,"Ashanti","Sekyere South","Anto",,,22,,8,[],Active,2026-02-21T21:43:26.310Z,false,2026-02-21T21:43:26.310Z,2026-02-21T21:43:26.310Z
a57e4914-28e2-4ed6-8be9-3ce7b1168067,"Michael",Male,"Ashanti","Sekyere South","Anto",,,22,,5,[],Active,2026-02-21T21:43:26.310Z,false,2026-02-21T21:43:26.310Z,2026-02-21T21:43:26.310Z
9905ff5d-e479-427f-a225-bc592de7dc2d,"Patrick",Male,"Ashanti","Sekyere South","Anto",,,22,,7,[],Active,2026-02-21T21:43:26.310Z,false,2026-02-21T21:43:26.310Z,2026-02-21T21:43:26.310Z
ceafa0e8-8552-4d5c-b410-86c816ccc3cc,"Samuel",Male,"Ashanti","Sekyere South","Anto",,,22,,2,[],Active,2026-02-21T21:43:26.310Z,false,2026-02-21T21:43:26.310Z,2026-02-21T21:43:26.310Z
554f2038-b58f-456e-961a-e19c5d5fbf6a,"John",Male,"Ashanti","Sekyere South","Anto",,,22,,5,[],Active,2026-02-21T21:43:26.310Z,false,2026-02-21T21:43:26.310Z,2026-02-21T21:43:26.310Z
1b18294a-5380-48cc-9fc2-9b3ddc57e640,"Mathew",Male,"Ashanti","Sekyere South","Anto",,,22,,5,[],Active,2026-02-21T21:43:26.310Z,false,2026-02-21T21:43:26.310Z,2026-02-21T21:43:26.310Z
6c8df528-f0fc-47c6-a881-a9c3e31ee1c3,"Joshua",Male,"Ashanti","Sekyere South","Anto",,,22,,8,[],Active,2026-02-21T21:43:26.310Z,false,2026-02-21T21:43:26.310Z,2026-02-21T21:43:26.310Z
30d22315-b7d0-435c-b91b-3eb9db8ced5b,"Adamtey Agor",Male,"Ashanti","Sekyere South","Anto",,,22,,4,[],Active,2026-02-21T21:43:26.310Z,false,2026-02-21T21:43:26.310Z,2026-02-21T21:43:26.310Z
577e0099-cd98-4c6c-93d4-858dbcec814d,"John",Male,"Ashanti","Sekyere South","Anto",,,22,,6,[],Active,2026-02-21T21:43:26.310Z,false,2026-02-21T21:43:26.310Z,2026-02-21T21:43:26.310Z
285e8af0-b319-4ed7-9b43-cedc089d6602,"Ekua",Female,"Ashanti","Sekyere South","Anto",,,22,,5,[],Active,2026-02-21T21:43:26.310Z,false,2026-02-21T21:43:26.310Z,2026-02-21T21:43:26.310Z
14d76535-7b0a-4920-ac96-9343460ac750,"Efua",Female,"Ashanti","Sekyere South","Anto",,,22,,3,[],Active,2026-02-21T21:43:26.310Z,false,2026-02-21T21:43:26.310Z,2026-02-21T21:43:26.310Z
0cbc003d-8744-4126-a1ba-28e5870d3484,"Yaa",Female,"Ashanti","Sekyere South","Anto",,,22,,5,[],Active,2026-02-21T21:43:26.310Z,false,2026-02-21T21:43:26.310Z,2026-02-21T21:43:26.310Z
775135fe-de20-4b00-8abd-59a863f326b9,"Nana",Female,"Ashanti","Sekyere South","Anto",,,22,,6,[],Active,2026-02-21T21:43:26.310Z,false,2026-02-21T21:43:26.310Z,2026-02-21T21:43:26.310Z
0ec11f8c-8f22-4742-9eaa-126d013c0ebe,"Comfort",Female,"Ashanti","Sekyere South","Anto",,,22,,5,[],Active,2026-02-21T21:43:26.310Z,false,2026-02-21T21:43:26.310Z,2026-02-21T21:43:26.310Z
0355a552-37eb-4752-9a12-e6af49184c27,"Dina",Female,"Ashanti","Sekyere South","Anto",,,22,,4,[],Active,2026-02-21T21:43:26.310Z,false,2026-02-21T21:43:26.310Z,2026-02-21T21:43:26.310Z
d3f64c71-549e-4088-aa3a-b9dcb23dd363,"Effua",Female,"Ashanti","Sekyere South","Anto",,,22,,7,[],Active,2026-02-21T21:43:26.310Z,false,2026-02-21T21:43:26.310Z,2026-02-21T21:43:26.310Z
2e50e558-2de2-45c2-90fa-e46f119e3f3b,"Samuel",Male,"Ashanti","Sekyere South","Anto",,,22,,9,[],Active,2026-02-21T21:43:26.310Z,false,2026-02-21T21:43:26.310Z,2026-02-21T21:43:26.310Z
c2e28553-4ce9-42c9-b61c-424b3b8b947d,"Afua",Female,"Ashanti","Sekyere South","Anto",,,22,,7,[],Active,2026-02-21T21:43:26.310Z,false,2026-02-21T21:43:26.310Z,2026-02-21T21:43:26.310Z
db097031-d0ca-41d9-8ffa-fa7e9c53a362,"Adjoa",Female,"Ashanti","Sekyere South","Anto",,,22,,5,[],Active,2026-02-21T21:43:26.310Z,false,2026-02-21T21:43:26.310Z,2026-02-21T21:43:26.310Z
d9995c0c-5ed0-45da-a2f8-009d7370f94c,"John",Male,"Ashanti","Sekyere South","Anto",,,22,,5,[],Active,2026-02-21T21:43:26.310Z,false,2026-02-21T21:43:26.310Z,2026-02-21T21:43:26.310Z
c0243523-5023-4879-82b1-55cccd00708a,"Esi",Female,"Ashanti","Sekyere South","Anto",,,22,,5,[],Active,2026-02-21T21:43:26.310Z,false,2026-02-21T21:43:26.310Z,2026-02-21T21:43:26.310Z
5cf0faf4-c504-4d74-9047-bae21f795edb,"Bismark",Male,"Ashanti","Sekyere South","Anto",,,22,,4,[],Active,2026-02-21T21:43:26.310Z,false,2026-02-21T21:43:26.310Z,2026-02-21T21:43:26.310Z
9c2c2c17-f496-410f-8374-47c8792c446a,"Stephen",Male,"Ashanti","Sekyere South","Anto",,,22,,4,[],Active,2026-02-21T21:43:26.310Z,false,2026-02-21T21:43:26.310Z,2026-02-21T21:43:26.310Z
4d3ef84a-be22-4d39-b96b-e5142c2a77d8,"Cecilia",Female,"Ashanti","Sekyere South","Anto",,,22,,2,[],Active,2026-02-21T21:43:26.310Z,false,2026-02-21T21:43:26.310Z,2026-02-21T21:43:26.310Z
b587e2b5-9fd7-42be-9052-d99746f7e59d,"Aidoo",Female,"Ashanti","Sekyere South","Anto",,,22,,5,[],Active,2026-02-21T21:43:26.310Z,false,2026-02-21T21:43:26.310Z,2026-02-21T21:43:26.310Z
6d41b4e3-cd6f-49fa-b28e-59a318fc7c3a,"Georgina",Male,"Ashanti","Sekyere South","Anto",,,22,,4,[],Active,2026-02-21T21:43:26.310Z,false,2026-02-21T21:43:26.310Z,2026-02-21T21:43:26.310Z
6630d335-23bc-4c61-ac93-f6c4e4d99f28,"Kwame",Male,"Ashanti","Sekyere South","Anto",,,22,,5,[],Active,2026-02-21T21:43:26.310Z,false,2026-02-21T21:43:26.310Z,2026-02-21T21:43:26.310Z
3e87f266-71fe-4f95-b77c-9d3974ddebd2,"Peter",Male,"Ashanti","Sekyere South","Anto",,,22,,6,[],Active,2026-02-21T21:43:26.310Z,false,2026-02-21T21:43:26.310Z,2026-02-21T21:43:26.310Z
eaaa6077-9a36-423b-aa19-478977671c4e,"Sampson",Male,"Ashanti","Sekyere South","Anto",,,22,,7,[],Active,2026-02-21T21:43:26.310Z,false,2026-02-21T21:43:26.310Z,2026-02-21T21:43:26.310Z
40ddaadf-d575-4e59-a1c0-64a9f59f5acc,"Joseph",Male,"Ashanti","Sekyere South","Anto",,,22,,8,[],Active,2026-02-21T21:43:26.310Z,false,2026-02-21T21:43:26.310Z,2026-02-21T21:43:26.310Z
0c72cc75-f5ee-4a41-b078-7301f334eb45,"Amos",Male,"Ashanti","Sekyere South","Anto",,,22,,2,[],Active,2026-02-21T21:43:26.310Z,false,2026-02-21T21:43:26.310Z,2026-02-21T21:43:26.310Z
8e618c9d-563a-44af-9431-0040f1488a4b,"Samuel",Male,"Ashanti","Sekyere South","Anto",,,22,,6,[],Active,2026-02-21T21:43:26.310Z,false,2026-02-21T21:43:26.310Z,2026-02-21T21:43:26.310Z
a58af106-ebf6-4bb9-b147-fe0172d84619,"Afua",Female,"Ashanti","Sekyere South","Anto",,,22,,6,[],Active,2026-02-21T21:43:26.310Z,false,2026-02-21T21:43:26.310Z,2026-02-21T21:43:26.310Z
0432a1e8-8f2f-4e87-b8f6-7990df81bf47,"John",Male,"Ashanti","Sekyere South","Anto",,,22,,3,[],Active,2026-02-21T21:43:26.310Z,false,2026-02-21T21:43:26.310Z,2026-02-21T21:43:26.310Z
d4eee857-b7ae-48d3-9ab5-fbf861c8796c,"Comfort",Female,"Ashanti","Sekyere South","Anto",,,22,,7,[],Active,2026-02-21T21:43:26.310Z,false,2026-02-21T21:43:26.310Z,2026-02-21T21:43:26.310Z
84ca73d6-bc54-4f26-a30e-e7542b57503f,"Lydia",Female,"Ashanti","Sekyere South","Anto",,,22,,6,[],Active,2026-02-21T21:43:26.310Z,false,2026-02-21T21:43:26.310Z,2026-02-21T21:43:26.310Z
f0ae0191-e859-4010-bbaa-243273b690df,"Simon",Male,"Ashanti","Sekyere South","Anto",,,22,,9,[],Active,2026-02-21T21:43:26.310Z,false,2026-02-21T21:43:26.310Z,2026-02-21T21:43:26.310Z
395141ff-f2fe-4d79-9d17-31f7e8ef1baf,"Esi",Female,"Ashanti","Sekyere South","Anto",,,22,,4,[],Active,2026-02-21T21:43:26.310Z,false,2026-02-21T21:43:26.310Z,2026-02-21T21:43:26.310Z
2c2a1f84-5d6c-40d6-a42b-f09f60407284,"Agnes",Female,"Ashanti","Sekyere South","Anto",,,22,,6,[],Active,2026-02-21T21:43:26.310Z,false,2026-02-21T21:43:26.310Z,2026-02-21T21:43:26.310Z
470b7f0d-0442-4c21-ba47-3b6e753f58cd,"Arminarh",Female,"Ashanti","Sekyere South","Anto",,,22,,7,[],Active,2026-02-21T21:43:26.310Z,false,2026-02-21T21:43:26.310Z,2026-02-21T21:43:26.310Z
014b3738-7dce-4a9e-b954-0128eef8f1be,"Vincent",Male,"Ashanti","Sekyere South","Anto",,,22,,7,[],Active,2026-02-21T21:43:26.310Z,false,2026-02-21T21:43:26.310Z,2026-02-21T21:43:26.310Z
bef25d7e-76ff-4e2a-9773-1d09a9e85349,"Bismark",Male,"Ashanti","Sekyere South","Anto",,,22,,6,[],Active,2026-02-21T21:43:26.310Z,false,2026-02-21T21:43:26.310Z,2026-02-21T21:43:26.310Z
1975329b-4fcd-4ca1-a25f-feae01639cf2,"Ernest Boakye",Male,"Ashanti","Sekyere South","Anto",,,22,,4,[],Active,2026-02-21T21:43:26.310Z,false,2026-02-21T21:43:26.310Z,2026-02-21T21:43:26.310Z
8b07e83f-d9d5-4037-8101-1fd34f5b6c07,"Francis",Male,"Ashanti","Sekyere South","Anto",,,22,,3,[],Active,2026-02-21T21:43:26.310Z,false,2026-02-21T21:43:26.310Z,2026-02-21T21:43:26.310Z
b762895a-882e-4645-bb7e-7f00c1ef5ed7,"Stephen",Male,"Ashanti","Sekyere South","Anto",,,22,,5,[],Active,2026-02-21T21:43:26.310Z,false,2026-02-21T21:43:26.310Z,2026-02-21T21:43:26.310Z
57d2bff5-abe7-4e32-b1be-2e5f8cbb433e,"Cecilia",Female,"Ashanti","Sekyere South","Anto",,,22,,3,[],Active,2026-02-21T21:43:26.310Z,false,2026-02-21T21:43:26.310Z,2026-02-21T21:43:26.310Z
ce2bfe5c-4d26-4804-a7ce-077133f7ba4d,"Aidoo",Female,"Ashanti","Sekyere South","Anto",,,22,,8,[],Active,2026-02-21T21:43:26.310Z,false,2026-02-21T21:43:26.310Z,2026-02-21T21:43:26.310Z
4b330989-b05f-440c-8000-cc611dfe7806,"Georgina",Female,"Ashanti","Sekyere South","Anto",,,22,,2,[],Active,2026-02-21T21:43:26.310Z,false,2026-02-21T21:43:26.310Z,2026-02-21T21:43:26.310Z
414bb136-cc17-40af-b39e-18ff79948574,"Kwame",Male,"Ashanti","Sekyere South","Anto",,,22,,7,[],Active,2026-02-21T21:43:26.310Z,false,2026-02-21T21:43:26.310Z,2026-02-21T21:43:26.310Z
f0efcd67-5cec-4150-9c1a-9f68d9bdff37,"Peter",Male,"Ashanti","Sekyere South","Anto",,,22,,7,[],Active,2026-02-21T21:43:26.310Z,false,2026-02-21T21:43:26.310Z,2026-02-21T21:43:26.310Z
c38654e3-3259-4a0b-abe6-9606e4f2f5d9,"Joshua",Male,"Ashanti","Sekyere South","Anto",,,22,,7,[],Active,2026-02-21T21:43:26.310Z,false,2026-02-21T21:43:26.310Z,2026-02-21T21:43:26.310Z
4a90fae9-c879-4721-8c09-47c3d1443295,"Sampson",Male,"Ashanti","Sekyere South","Anto",,,22,,4,[],Active,2026-02-21T21:43:26.310Z,false,2026-02-21T21:43:26.310Z,2026-02-21T21:43:26.310Z
55930ec1-a711-4cf1-bb27-7d1ec6d9665d,"Kwame",Male,"Ashanti","Sekyere South","Anto",,,22,,5,[],Active,2026-02-21T21:43:26.310Z,false,2026-02-21T21:43:26.310Z,2026-02-21T21:43:26.310Z
34223ed6-a876-4ccb-8100-ab5c37586ec5,"Frank",Male,"Ashanti","Sekyere South","Akrofi",,,22,,6,[],Active,2026-02-21T21:43:26.310Z,false,2026-02-21T21:43:26.310Z,2026-02-21T21:43:26.310Z
07458c28-869d-42b8-a81d-48d6ffc85971,"Yaw",Male,"Ashanti","Sekyere South","Akrofi",,,22,,4,[],Active,2026-02-21T21:43:26.310Z,false,2026-02-21T21:43:26.310Z,2026-02-21T21:43:26.310Z
f7d8f386-fe8f-46c9-a6e8-73aaadd26822,"Dari",Male,"Ashanti","Sekyere South","Akrofi",,,22,,4,[],Active,2026-02-21T21:43:26.310Z,false,2026-02-21T21:43:26.310Z,2026-02-21T21:43:26.310Z
3a7a1113-ee25-4d53-b439-45cfbd73a8c1,"Aba",Female,"Ashanti","Sekyere South","Akrofi",,,22,,6,[],Active,2026-02-21T21:43:26.310Z,false,2026-02-21T21:43:26.310Z,2026-02-21T21:43:26.310Z
1e4d919e-0150-47fb-acb3-cec2744b0fd7,"Emmanuel",Male,"Ashanti","Sekyere South","Akrofi",,,22,,7,[],Active,2026-02-21T21:43:26.310Z,false,2026-02-21T21:43:26.310Z,2026-02-21T21:43:26.310Z
d7ddfa35-1772-48a6-ad80-dab5ab0ca8ee,"Aba",Female,"Ashanti","Sekyere South","Akrofi",,,22,,7,[],Active,2026-02-21T21:43:26.310Z,false,2026-02-21T21:43:26.310Z,2026-02-21T21:43:26.310Z
6b91a763-e4e6-44fc-aaac-e0f933e9cf7e,"Mary",Female,"Ashanti","Sekyere South","Akrofi",,,22,,5,[],Active,2026-02-21T21:43:26.310Z,false,2026-02-21T21:43:26.310Z,2026-02-21T21:43:26.310Z
dc5f75c8-aae2-4af8-a746-ac2afe488c11,"Ekua",Female,"Ashanti","Sekyere South","Akrofi",,,22,,6,[],Active,2026-02-21T21:43:26.310Z,false,2026-02-21T21:43:26.310Z,2026-02-21T21:43:26.310Z
7468323f-8af5-4d36-8523-36ce3d43d343,"Isaac",Male,"Ashanti","Sekyere South","Akrofi",,,22,,4,[],Active,2026-02-21T21:43:26.310Z,false,2026-02-21T21:43:26.310Z,2026-02-21T21:43:26.310Z
ef58df10-6bd0-4be4-a489-d362bd9439af,"Elizabeth",Female,"Ashanti","Sekyere South","Akrofi",,,22,,3,[],Active,2026-02-21T21:43:26.310Z,false,2026-02-21T21:43:26.310Z,2026-02-21T21:43:26.310Z
f032ddee-d001-4990-bb00-b9023a9ccfe2,"Comfort",Female,"Ashanti","Sekyere South","Akrofi",,,22,,6,[],Active,2026-02-21T21:43:26.310Z,false,2026-02-21T21:43:26.310Z,2026-02-21T21:43:26.310Z
117cdabd-a2b1-4248-b1bc-d56670ced6c3,"Mary",Female,"Ashanti","Sekyere South","Akrofi",,,22,,6,[],Active,2026-02-21T21:43:26.310Z,false,2026-02-21T21:43:26.310Z,2026-02-21T21:43:26.310Z
ad0d18de-dc79-4dc6-861d-e6413538430f,"Efuah",Female,"Ashanti","Sekyere South","Akrofi",,,22,,6,[],Active,2026-02-21T21:43:26.310Z,false,2026-02-21T21:43:26.310Z,2026-02-21T21:43:26.310Z
069878e0-0fbf-4c33-8299-d6c23bac6f34,"Efua",Female,"Ashanti","Sekyere South","Akrofi",,,22,,6,[],Active,2026-02-21T21:43:26.310Z,false,2026-02-21T21:43:26.310Z,2026-02-21T21:43:26.310Z
4a94b4a4-04cd-44f7-8a52-9693aab6efe0,"Adjoa",Female,"Ashanti","Sekyere South","Akrofi",,,22,,6,[],Active,2026-02-21T21:43:26.310Z,false,2026-02-21T21:43:26.310Z,2026-02-21T21:43:26.310Z
14fdac5d-2629-4cea-95b5-08220bf15843,"Samuel",Female,"Ashanti","Sekyere South","Akrofi",,,22,,5,[],Active,2026-02-21T21:43:26.310Z,false,2026-02-21T21:43:26.310Z,2026-02-21T21:43:26.310Z
944f738d-9f5d-4f7b-9359-5b6a857dedc3,"Gyebi",Male,"Ashanti","Sekyere South","Akrofi",,,22,,7,[],Active,2026-02-21T21:43:26.310Z,false,2026-02-21T21:43:26.311Z,2026-02-21T21:43:26.311Z
88713db4-a6c5-4e74-b725-9ad9edf3fc8a,"Agyire",Female,"Ashanti","Sekyere South","Akrofi",,,22,,4,[],Active,2026-02-21T21:43:26.311Z,false,2026-02-21T21:43:26.311Z,2026-02-21T21:43:26.311Z
8c4c9c24-f35c-4983-9e17-b4d2b448112a,"Peter",Male,"Ashanti","Sekyere South","Akrofi",,,22,,5,[],Active,2026-02-21T21:43:26.311Z,false,2026-02-21T21:43:26.311Z,2026-02-21T21:43:26.311Z
2243c8d5-0618-4719-af8f-fba52bc75118,"Cynthia",Female,"Ashanti","Sekyere South","Akrofi",,,22,,7,[],Active,2026-02-21T21:43:26.311Z,false,2026-02-21T21:43:26.311Z,2026-02-21T21:43:26.311Z
5bbd22ff-9aca-4ea8-9ea1-766e911e61c8,"Terizie",Male,"Ashanti","Sekyere South","Akrofi",,,22,,6,[],Active,2026-02-21T21:43:26.311Z,false,2026-02-21T21:43:26.311Z,2026-02-21T21:43:26.311Z
81271aac-255d-415f-85cd-08bc567ca0f9,"Kwame",Male,"Ashanti","Sekyere South","Suhyen",,,22,,5,[],Active,2026-02-21T21:43:26.311Z,false,2026-02-21T21:43:26.311Z,2026-02-21T21:43:26.311Z
60f570f5-d57c-41f5-9c16-825333c9560a,"Godwin",Male,"Ashanti","Sekyere South","Suhyen",,,22,,3,[],Active,2026-02-21T21:43:26.311Z,false,2026-02-21T21:43:26.311Z,2026-02-21T21:43:26.311Z
1cea95f0-ea8b-47fb-bfca-6c1f33f4e7ad,"Susuana",Female,"Ashanti","Sekyere South","Suhyen",,,22,,5,[],Active,2026-02-21T21:43:26.311Z,false,2026-02-21T21:43:26.311Z,2026-02-21T21:43:26.311Z
269c3a5a-9fba-4d42-8631-9bb8a9bd163a,"Kofi",Male,"Ashanti","Sekyere South","Suhyen",,,22,,5,[],Active,2026-02-21T21:43:26.311Z,false,2026-02-21T21:43:26.311Z,2026-02-21T21:43:26.311Z
079efeb5-4bbc-4a9a-a6a5-430672227199,"Peter",Male,"Ashanti","Sekyere South","Suhyen",,,22,,2,[],Active,2026-02-21T21:43:26.311Z,false,2026-02-21T21:43:26.311Z,2026-02-21T21:43:26.311Z
df8d28c0-563d-4456-8199-9d019872c599,"Ekua",Male,"Ashanti","Sekyere South","Suhyen",,,22,,4,[],Active,2026-02-21T21:43:26.311Z,false,2026-02-21T21:43:26.311Z,2026-02-21T21:43:26.311Z
b7e7560f-6ee4-4f3f-88fc-5f815cccc7c1,"Micheal",Male,"Ashanti","Sekyere South","Suhyen",,,22,,5,[],Active,2026-02-21T21:43:26.311Z,false,2026-02-21T21:43:26.311Z,2026-02-21T21:43:26.311Z
14bb21d5-0ab6-47de-a45d-4f5a169c7162,"Alex",Male,"Ashanti","Sekyere South","Suhyen",,,22,,5,[],Active,2026-02-21T21:43:26.311Z,false,2026-02-21T21:43:26.311Z,2026-02-21T21:43:26.311Z
20a7d80c-c1cc-4b2f-a248-b5da6fc36a17,"Georgina",Female,"Ashanti","Sekyere South","Suhyen",,,22,,5,[],Active,2026-02-21T21:43:26.311Z,false,2026-02-21T21:43:26.311Z,2026-02-21T21:43:26.311Z
bb8835c3-2c85-421a-895a-9eb26b841c1e,"Ama",Male,"Ashanti","Sekyere South","Suhyen",,,22,,4,[],Active,2026-02-21T21:43:26.311Z,false,2026-02-21T21:43:26.311Z,2026-02-21T21:43:26.311Z
377adf44-e653-466d-856d-2b2f76a41e3e,"Kwame",Male,"Ashanti","Sekyere South","Suhyen",,,22,,4,[],Active,2026-02-21T21:43:26.311Z,false,2026-02-21T21:43:26.311Z,2026-02-21T21:43:26.311Z
1be002fd-0cf5-422c-a5ee-c97b8b170b8a,"Robert",Male,"Ashanti","Sekyere South","Suhyen",,,22,,2,[],Active,2026-02-21T21:43:26.311Z,false,2026-02-21T21:43:26.311Z,2026-02-21T21:43:26.311Z
0c01dc0e-9c5d-4e31-adce-e4aaa8b30b5a,"Kojo",Male,"Ashanti","Sekyere South","Suhyen",,,22,,7,[],Active,2026-02-21T21:43:26.311Z,false,2026-02-21T21:43:26.311Z,2026-02-21T21:43:26.311Z
4eb4a497-2a64-4707-b70a-1d150d542cb2,"Kofi",Male,"Ashanti","Sekyere South","Suhyen",,,22,,5,[],Active,2026-02-21T21:43:26.311Z,false,2026-02-21T21:43:26.311Z,2026-02-21T21:43:26.311Z
37c89293-af07-4cf8-b623-e6e01698688b,"Esi",Female,"Ashanti","Sekyere South","Suhyen",,,22,,7,[],Active,2026-02-21T21:43:26.311Z,false,2026-02-21T21:43:26.311Z,2026-02-21T21:43:26.311Z
71ac842a-40d0-4f2b-8d10-b55041a37592,"K.a.",Male,"Ashanti","Sekyere South","Suhyen",,,22,,5,[],Active,2026-02-21T21:43:26.311Z,false,2026-02-21T21:43:26.311Z,2026-02-21T21:43:26.311Z
f924a86a-66aa-4727-bb8a-2db1abb7d26d,"Isaac Kweku",Male,"Ashanti","Sekyere South","Suhyen",,,22,,4,[],Active,2026-02-21T21:43:26.311Z,false,2026-02-21T21:43:26.311Z,2026-02-21T21:43:26.311Z
b56a2e07-2402-4857-ad0d-a697fb957c95,"Isaac",Male,"Ashanti","Sekyere South","Suhyen",,,22,,5,[],Active,2026-02-21T21:43:26.311Z,false,2026-02-21T21:43:26.311Z,2026-02-21T21:43:26.311Z
2ee3a52d-66d1-48a7-a76f-5dcd8001c6f1,"Emmanuel",Male,"Ashanti","Sekyere South","Suhyen",,,22,,4,[],Active,2026-02-21T21:43:26.311Z,false,2026-02-21T21:43:26.311Z,2026-02-21T21:43:26.311Z
393228d6-01e1-49e3-af9d-5e76d639e8b3,"Esi",Male,"Ashanti","Sekyere South","Suhyen",,,22,,9,[],Active,2026-02-21T21:43:26.311Z,false,2026-02-21T21:43:26.311Z,2026-02-21T21:43:26.311Z
c37f8e04-99a8-4e14-b5bc-af7689165f85,"Micheal",Male,"Ashanti","Sekyere South","Suhyen",,,22,,4,[],Active,2026-02-21T21:43:26.311Z,false,2026-02-21T21:43:26.311Z,2026-02-21T21:43:26.311Z
d0e0f50b-0ad1-4e6a-a0fd-dcabe74e28ec,"Kwesi",Male,"Ashanti","Sekyere South","Suhyen",,,22,,4,[],Active,2026-02-21T21:43:26.311Z,false,2026-02-21T21:43:26.311Z,2026-02-21T21:43:26.311Z
2e00c52c-4f78-4541-b692-80dc1d3c58e6,"Atta",Male,"Ashanti","Sekyere South","Suhyen",,,21,,5,[],Active,2026-02-21T21:43:26.311Z,false,2026-02-21T21:43:26.311Z,2026-02-21T21:43:26.311Z
9ed621e5-b7dc-47eb-8093-e428f30bf44f,"Godwin",Male,"Ashanti","Sekyere South","Suhyen",,,25,,6,[],Active,2026-02-21T21:43:26.311Z,false,2026-02-21T21:43:26.311Z,2026-02-21T21:43:26.311Z
fc62e0ba-5e81-4974-9eee-1393ba14a682,"Grace",Female,"Ashanti","Sekyere South","Suhyen",,,29,,5,[],Active,2026-02-21T21:43:26.311Z,false,2026-02-21T21:43:26.311Z,2026-02-21T21:43:26.311Z
1837dece-55b5-4e17-b897-e7efd1e66739,"Ebenezer",Male,"Ashanti","Sekyere South","Suhyen",,,28,,6,[],Active,2026-02-21T21:43:26.311Z,false,2026-02-21T21:43:26.311Z,2026-02-21T21:43:26.311Z
ef438de7-3e72-4c00-ae54-d5ad24954a56,"Michael",Male,"Ashanti","Sekyere South","Sekyere Nyamebekyere",,,28,,7,[],Active,2026-02-21T21:43:26.311Z,false,2026-02-21T21:43:26.311Z,2026-02-21T21:43:26.311Z
bc78d252-b855-4b2a-ba44-89402ef0381e,"Kwaku",Male,"Ashanti","Sekyere South","Sekyere Nyamebekyere",,,27,,7,[],Active,2026-02-21T21:43:26.311Z,false,2026-02-21T21:43:26.311Z,2026-02-21T21:43:26.311Z
c36e2906-b95d-4649-aac8-5ee54311121e,"Kojo",Male,"Ashanti","Sekyere South","Sekyere Nyamebekyere",,,29,,8,[],Active,2026-02-21T21:43:26.311Z,false,2026-02-21T21:43:26.311Z,2026-02-21T21:43:26.311Z
f6c8474c-d727-48bd-b23a-bc853405107c,"Johnson",Male,"Ashanti","Sekyere South","Sekyere Nyamebekyere",,,28,,5,[],Active,2026-02-21T21:43:26.311Z,false,2026-02-21T21:43:26.311Z,2026-02-21T21:43:26.311Z
1650d675-dd30-4b65-bdab-0c792ab30595,"Eric",Male,"Ashanti","Sekyere South","Sekyere Nyamebekyere",,,29,,2,[],Active,2026-02-21T21:43:26.311Z,false,2026-02-21T21:43:26.311Z,2026-02-21T21:43:26.311Z
4879331a-318a-4125-8305-7600ac5cc8aa,"Francis",Male,"Ashanti","Sekyere South","Sekyere Nyamebekyere",,,28,,4,[],Active,2026-02-21T21:43:26.311Z,false,2026-02-21T21:43:26.311Z,2026-02-21T21:43:26.311Z
e7b23916-2eb4-41c1-ad13-6d318fd26159,"Esi",Female,"Ashanti","Sekyere South","Sekyere Nyamebekyere",,,28,,4,[],Active,2026-02-21T21:43:26.311Z,false,2026-02-21T21:43:26.311Z,2026-02-21T21:43:26.311Z
ec0fa438-62a5-458b-a3c8-6efd82769aa5,"Kwesi",Male,"Ashanti","Sekyere South","Sekyere Nyamebekyere",,,28,,7,[],Active,2026-02-21T21:43:26.311Z,false,2026-02-21T21:43:26.311Z,2026-02-21T21:43:26.311Z
01e3da6f-4dbd-45fa-ba2a-5c75880e7ecb,"Ama",Female,"Ashanti","Sekyere South","Sekyere Nyamebekyere",,,28,,4,[],Active,2026-02-21T21:43:26.311Z,false,2026-02-21T21:43:26.311Z,2026-02-21T21:43:26.311Z
d63ea7d0-9cdb-40ca-88c4-596b1e56399a,"Ekua",Female,"Ashanti","Sekyere South","Sekyere Nyamebekyere",,,21,,6,[],Active,2026-02-21T21:43:26.311Z,false,2026-02-21T21:43:26.311Z,2026-02-21T21:43:26.311Z
5c4abe4c-5a64-470c-81ff-b2aedec782ab,"Bright",Male,"Ashanti","Sekyere South","Sekyere Nyamebekyere",,,21,,7,[],Active,2026-02-21T21:43:26.311Z,false,2026-02-21T21:43:26.311Z,2026-02-21T21:43:26.311Z
a6595f13-196f-4f0c-b689-f267b94d1525,"Isaac",Male,"Ashanti","Sekyere South","Sekyere Nyamebekyere",,,25,,7,[],Active,2026-02-21T21:43:26.311Z,false,2026-02-21T21:43:26.311Z,2026-02-21T21:43:26.311Z
80fb6ad7-6d9c-427f-9637-616d3bf7bc31,"Esi",Female,"Ashanti","Sekyere South","Sekyere Nyamebekyere",,,24,,9,[],Active,2026-02-21T21:43:26.311Z,false,2026-02-21T21:43:26.311Z,2026-02-21T21:43:26.311Z
f378fc60-f016-441f-abff-ed6b38837a2d,"Joseph",Male,"Ashanti","Sekyere South","Sekyere Nyamebekyere",,,25,,3,[],Active,2026-02-21T21:43:26.311Z,false,2026-02-21T21:43:26.311Z,2026-02-21T21:43:26.311Z
4aa15f30-bd89-4a8c-bb91-fc4c4bad7092,"Bright",Male,"Ashanti","Sekyere South","Sekyere Nyamebekyere",,,24,,7,[],Active,2026-02-21T21:43:26.311Z,false,2026-02-21T21:43:26.311Z,2026-02-21T21:43:26.311Z
e3cab1a6-0e18-4ef9-97da-98be774382b0,"Lawrence",Male,"Ashanti","Sekyere South","Sekyere Nyamebekyere",,,21,,5,[],Active,2026-02-21T21:43:26.311Z,false,2026-02-21T21:43:26.311Z,2026-02-21T21:43:26.311Z
237d72e8-28aa-4fed-b9e6-695c1dfe05a1,"Kwame",Male,"Ashanti","Sekyere South","Sekyere Nyamebekyere",,,24,,7,[],Active,2026-02-21T21:43:26.311Z,false,2026-02-21T21:43:26.311Z,2026-02-21T21:43:26.311Z
4558b934-e241-485b-871c-1548b14d0fbb,"Panford",Female,"Ashanti","Sekyere South","Sekyere Nyamebekyere",,,25,,2,[],Active,2026-02-21T21:43:26.311Z,false,2026-02-21T21:43:26.311Z,2026-02-21T21:43:26.311Z
94edb879-9bd1-47c1-9c0a-b9812f43e72d,"James",Male,"Ashanti","Sekyere South","Sekyere Nyamebekyere",,,27,,5,[],Active,2026-02-21T21:43:26.311Z,false,2026-02-21T21:43:26.311Z,2026-02-21T21:43:26.311Z
adfacb82-9e8a-4e17-ad24-0a30a5ea4f92,"Kofi",Male,"Ashanti","Sekyere South","Sekyere Nyamebekyere",,,24,,5,[],Active,2026-02-21T21:43:26.311Z,false,2026-02-21T21:43:26.311Z,2026-02-21T21:43:26.311Z
8d20bb46-30e8-4d2c-a323-f7a60ea064cf,"Kwame",Male,"Ashanti","Sekyere South","Sekyere Nyamebekyere",,,26,,8,[],Active,2026-02-21T21:43:26.311Z,false,2026-02-21T21:43:26.311Z,2026-02-21T21:43:26.311Z
406b11fe-f864-45b8-b842-6fe785b0162d,"Efua",Female,"Ashanti","Sekyere South","Sekyere Nyamebekyere",,,25,,1,[],Active,2026-02-21T21:43:26.311Z,false,2026-02-21T21:43:26.311Z,2026-02-21T21:43:26.311Z
3069ce64-0a1b-46d9-af3a-ec3c4024c987,"Collins",Male,"Ashanti","Sekyere South","Sekyere Nyamebekyere",,,24,,7,[],Active,2026-02-21T21:43:26.311Z,false,2026-02-21T21:43:26.311Z,2026-02-21T21:43:26.311Z
d8679af0-8199-4332-8037-b5f26c52ff99,"Oyitey",Male,"Ashanti","Sekyere South","Sekyere Nyamebekyere",,,25,,8,[],Active,2026-02-21T21:43:26.311Z,false,2026-02-21T21:43:26.311Z,2026-02-21T21:43:26.311Z
de654f52-2ef6-4b85-b4c2-e988f879062c,"Wisdom",Male,"Ashanti","Sekyere South","Sekyere Nyamebekyere",,,24,,5,[],Active,2026-02-21T21:43:26.311Z,false,2026-02-21T21:43:26.311Z,2026-02-21T21:43:26.311Z
b4700a63-3671-4cf9-bf64-8df5b7ecf38b,"Emmanuel",Male,"Ashanti","Sekyere South","Sekyere Nyamebekyere",,,28,,7,[],Active,2026-02-21T21:43:26.311Z,false,2026-02-21T21:43:26.311Z,2026-02-21T21:43:26.311Z
439016ca-8210-42f7-aa28-3c35b2df0bd5,"Kumah",Male,"Ashanti","Sekyere South","Sekyere Nyamebekyere",,,27,,7,[],Active,2026-02-21T21:43:26.311Z,false,2026-02-21T21:43:26.311Z,2026-02-21T21:43:26.311Z
33082070-6fdd-457e-a9ba-5875347ef0a0,"Abena",Male,"Ashanti","Sekyere South","Sekyere Nyamebekyere",,,26,,8,[],Active,2026-02-21T21:43:26.311Z,false,2026-02-21T21:43:26.311Z,2026-02-21T21:43:26.311Z
8551358c-0f1e-437f-91b5-7acd8866b207,"Kojo",Male,"Ashanti","Sekyere South","Apetebi",,,24,,9,[],Active,2026-02-21T21:43:26.311Z,false,2026-02-21T21:43:26.311Z,2026-02-21T21:43:26.311Z
a3c292eb-610e-46e5-8b63-479745b58334,"Stephen",Male,"Ashanti","Sekyere South","Apetebi",,,28,,8,[],Active,2026-02-21T21:43:26.311Z,false,2026-02-21T21:43:26.311Z,2026-02-21T21:43:26.311Z
397fbcac-680d-4e0f-b824-a6030fa7fb27,"Kwame",Male,"Ashanti","Sekyere South","Apetebi",,,25,,5,[],Active,2026-02-21T21:43:26.311Z,false,2026-02-21T21:43:26.311Z,2026-02-21T21:43:26.311Z
a5b23148-79cb-49bf-a49b-b5b9a60952f8,"Yaw",Male,"Ashanti","Sekyere South","Apetebi",,,27,,2,[],Active,2026-02-21T21:43:26.311Z,false,2026-02-21T21:43:26.311Z,2026-02-21T21:43:26.311Z
8d62cd18-4764-4428-8a41-456927844d88,"Kobina",Male,"Ashanti","Sekyere South","Apetebi",,,24,,4,[],Active,2026-02-21T21:43:26.311Z,false,2026-02-21T21:43:26.311Z,2026-02-21T21:43:26.311Z
5c133dd5-f4ce-4a84-8d9f-dcb689aa825a,"Benjaman",Male,"Ashanti","Sekyere South","Apetebi",,,21,,8,[],Active,2026-02-21T21:43:26.311Z,false,2026-02-21T21:43:26.311Z,2026-02-21T21:43:26.311Z
f419ce0f-2b21-4fe0-9174-b98cab5c7b89,"Kwesi",Male,"Ashanti","Sekyere South","Apetebi",,,25,,7,[],Active,2026-02-21T21:43:26.311Z,false,2026-02-21T21:43:26.311Z,2026-02-21T21:43:26.311Z
06a76029-6327-4019-932f-e9e5fedbaaab,"Mathew",Male,"Ashanti","Sekyere South","Apetebi",,,26,,4,[],Active,2026-02-21T21:43:26.311Z,false,2026-02-21T21:43:26.311Z,2026-02-21T21:43:26.311Z
6e8afbdc-5bce-4232-9669-25d06cbdeb4b,"Kwesi",Male,"Ashanti","Sekyere South","Apetebi",,,24,,7,[],Active,2026-02-21T21:43:26.311Z,false,2026-02-21T21:43:26.311Z,2026-02-21T21:43:26.311Z
8315a1e1-5c3b-402d-aaba-bd1bfe610af2,"Kojo",Male,"Ashanti","Sekyere South","Apetebi",,,29,,8,[],Active,2026-02-21T21:43:26.311Z,false,2026-02-21T21:43:26.311Z,2026-02-21T21:43:26.311Z
c1081538-b594-4409-bed8-2e638d4d419b,"Yaw",Male,"Ashanti","Sekyere South","Apetebi",,,27,,6,[],Active,2026-02-21T21:43:26.311Z,false,2026-02-21T21:43:26.311Z,2026-02-21T21:43:26.311Z
bbe686ba-4970-4d20-9cf2-f3615013c84a,"Kwame",Male,"Ashanti","Sekyere South","Apetebi",,,28,,9,[],Active,2026-02-21T21:43:26.311Z,false,2026-02-21T21:43:26.311Z,2026-02-21T21:43:26.311Z
fd3f2861-5a69-4fd5-a928-4f6bf4d10768,"Amidu",Male,"Ashanti","Sekyere South","Apetebi",,,24,,3,[],Active,2026-02-21T21:43:26.311Z,false,2026-02-21T21:43:26.311Z,2026-02-21T21:43:26.311Z
f8ed0622-34bc-4f07-8c52-44fe408cf3cb,"Kobina",Male,"Ashanti","Sekyere South","Apetebi",,,25,,8,[],Active,2026-02-21T21:43:26.311Z,false,2026-02-21T21:43:26.311Z,2026-02-21T21:43:26.311Z
ccc8d293-a34f-4d20-8e23-3ebfee6f08d3,"Yaw",Male,"Ashanti","Sekyere South","Apetebi",,,21,,5,[],Active,2026-02-21T21:43:26.311Z,false,2026-02-21T21:43:26.311Z,2026-02-21T21:43:26.311Z
c5bbb947-8703-408d-be23-56de8257d4da,"Ansah",Male,"Ashanti","Sekyere South","Apetebi",,,25,,7,[],Active,2026-02-21T21:43:26.311Z,false,2026-02-21T21:43:26.311Z,2026-02-21T21:43:26.311Z
166ad8fb-3311-4896-9415-52abb1d79e0d,"Araba",Female,"Ashanti","Sekyere South","Apetebi",,,24,,2,[],Active,2026-02-21T21:43:26.311Z,false,2026-02-21T21:43:26.311Z,2026-02-21T21:43:26.311Z
c7e0e933-4794-48ef-88b9-979da0bdddbb,"Yaa",Female,"Ashanti","Sekyere South","Apetebi",,,29,,5,[],Active,2026-02-21T21:43:26.311Z,false,2026-02-21T21:43:26.311Z,2026-02-21T21:43:26.311Z
7b5ef899-9ecc-45dd-b5ac-a798a39c57f7,"Philomina",Female,"Ashanti","Sekyere South","Apetebi",,,27,,5,[],Active,2026-02-21T21:43:26.311Z,false,2026-02-21T21:43:26.311Z,2026-02-21T21:43:26.311Z
52077c2a-92f3-42c6-b75e-275dfb1e8098,"Hannah",Female,"Ashanti","Sekyere South","Apetebi",,,28,,8,[],Active,2026-02-21T21:43:26.311Z,false,2026-02-21T21:43:26.311Z,2026-02-21T21:43:26.311Z
8b1ca6a5-c3b5-4aab-a7c4-ba3bd16c98a7,"Akua",Female,"Ashanti","Sekyere South","Apetebi",,,26,,4,[],Active,2026-02-21T21:43:26.311Z,false,2026-02-21T21:43:26.311Z,2026-02-21T21:43:26.311Z
c2ca2ba5-7279-4823-929d-a4d8950b6c07,"Esi",Female,"Ashanti","Sekyere South","Apetebi",,,24,,6,[],Active,2026-02-21T21:43:26.311Z,false,2026-02-21T21:43:26.311Z,2026-02-21T21:43:26.311Z
9c17c57f-c70f-4d48-9532-cad57d05471b,"Georgina",Female,"Ashanti","Sekyere South","Apetebi",,,25,,5,[],Active,2026-02-21T21:43:26.311Z,false,2026-02-21T21:43:26.311Z,2026-02-21T21:43:26.311Z
fbab26ee-785f-4482-9162-0ff48f04038b,"Esi",Female,"Ashanti","Sekyere South","Apetebi",,,22,,3,[],Active,2026-02-21T21:43:26.311Z,false,2026-02-21T21:43:26.311Z,2026-02-21T21:43:26.311Z
c32c13b8-7f93-4ef6-9c4d-ffa58b99de1f,"Akua",Female,"Ashanti","Sekyere South","Apetebi",,,22,,5,[],Active,2026-02-21T21:43:26.311Z,false,2026-02-21T21:43:26.311Z,2026-02-21T21:43:26.311Z
54d6cac8-5e38-4256-8707-011618416bd8,"Janet",Female,"Ashanti","Sekyere South","Apetebi",,,22,,6,[],Active,2026-02-21T21:43:26.311Z,false,2026-02-21T21:43:26.311Z,2026-02-21T21:43:26.311Z
9b525190-99e8-4703-a143-305d44cfb2ec,"Mary",Female,"Ashanti","Sekyere South","Apetebi",,,22,,5,[],Active,2026-02-21T21:43:26.311Z,false,2026-02-21T21:43:26.311Z,2026-02-21T21:43:26.311Z
a34a06da-ed8e-4705-98d2-7fd63474a520,"Abena",Female,"Ashanti","Sekyere South","Apetebi",,,22,,4,[],Active,2026-02-21T21:43:26.311Z,false,2026-02-21T21:43:26.311Z,2026-02-21T21:43:26.311Z
77fb81d8-f568-453e-8b10-9d7fddc201f4,"Efua",Female,"Ashanti","Sekyere South","Apetebi",,,22,,7,[],Active,2026-02-21T21:43:26.311Z,false,2026-02-21T21:43:26.311Z,2026-02-21T21:43:26.311Z
5cfe08b4-4f4a-4184-9409-35077f14f5a4,"Kwasi",Male,"Ashanti","Sekyere South","Apetebi",,,22,,9,[],Active,2026-02-21T21:43:26.311Z,false,2026-02-21T21:43:26.311Z,2026-02-21T21:43:26.311Z
fc2dc676-afab-41b1-a6cf-0fb794ab136a,"Efua",Female,"Ashanti","Sekyere South","Apetebi",,,22,,7,[],Active,2026-02-21T21:43:26.311Z,false,2026-02-21T21:43:26.311Z,2026-02-21T21:43:26.311Z
fa743fec-c537-4124-9308-e7ef31aaa2ea,"Ekua",Female,"Ashanti","Sekyere South","Apetebi",,,22,,5,[],Active,2026-02-21T21:43:26.311Z,false,2026-02-21T21:43:26.311Z,2026-02-21T21:43:26.311Z
99872b89-8da9-46c7-aff4-f1e68fff18eb,"Kobina Donkor",Male,"Ashanti","Sekyere South","Apetebi",,,22,,5,[],Active,2026-02-21T21:43:26.311Z,false,2026-02-21T21:43:26.311Z,2026-02-21T21:43:26.311Z
112b1da8-85c8-44e5-b70c-b52c22bfc5e9,"Kweku",Male,"Ashanti","Sekyere South","Apetebi",,,22,,5,[],Active,2026-02-21T21:43:26.311Z,false,2026-02-21T21:43:26.311Z,2026-02-21T21:43:26.311Z
f15d0e7b-c534-45ec-aaab-6752e6617c1e,"James",Male,"Ashanti","Sekyere South","Apetebi",,,22,,4,[],Active,2026-02-21T21:43:26.311Z,false,2026-02-21T21:43:26.311Z,2026-02-21T21:43:26.311Z
dab6c516-f766-4ea7-b864-f3a68489e708,"Thomas",Male,"Ashanti","Sekyere South","Apetebi",,,22,,4,[],Active,2026-02-21T21:43:26.311Z,false,2026-02-21T21:43:26.311Z,2026-02-21T21:43:26.311Z
153eb629-5071-488a-affe-6388d7b10f6d,"Aba",Female,"Ashanti","Sekyere South","Apetebi",,,22,,2,[],Active,2026-02-21T21:43:26.311Z,false,2026-02-21T21:43:26.311Z,2026-02-21T21:43:26.311Z
d4ddb231-e890-47ed-aae5-24d16e14b0d4,"Kobina",Male,"Ashanti","Sekyere South","Apetebi",,,22,,5,[],Active,2026-02-21T21:43:26.311Z,false,2026-02-21T21:43:26.311Z,2026-02-21T21:43:26.311Z
4173eb77-eb29-452b-a0bb-13b8b32ce94d,"Kwesi",Male,"Ashanti","Sekyere South","Apetebi",,,22,,4,[],Active,2026-02-21T21:43:26.311Z,false,2026-02-21T21:43:26.311Z,2026-02-21T21:43:26.311Z
2cdaddaa-d9f0-4d0c-8f6c-c3c9675f6753,"Sarah",Female,"Ashanti","Sekyere South","Apetebi",,,22,,5,[],Active,2026-02-21T21:43:26.311Z,false,2026-02-21T21:43:26.311Z,2026-02-21T21:43:26.311Z
b5890537-1697-488d-9c63-56c810d8c916,"Cynthia",Female,"Ashanti","Sekyere South","Apetebi",,,22,,6,[],Active,2026-02-21T21:43:26.311Z,false,2026-02-21T21:43:26.311Z,2026-02-21T21:43:26.311Z
9bcf90e0-80b7-4910-bcd2-03475a469561,"Shallon",Male,"Ashanti","Sekyere South","Apetebi",,,22,,7,[],Active,2026-02-21T21:43:26.311Z,false,2026-02-21T21:43:26.311Z,2026-02-21T21:43:26.311Z
6a202974-0a14-4abc-8299-ff06a7beacb6,"Ruth",Female,"Ashanti","Sekyere South","Apetebi",,,22,,8,[],Active,2026-02-21T21:43:26.311Z,false,2026-02-21T21:43:26.311Z,2026-02-21T21:43:26.311Z
2ec63baa-6b35-4d87-bd98-e382199096eb,"Faustina",Female,"Ashanti","Sekyere South","Apetebi",,,22,,2,[],Active,2026-02-21T21:43:26.311Z,false,2026-02-21T21:43:26.311Z,2026-02-21T21:43:26.311Z
93be2c36-60e3-4896-8159-547c1f7ea6aa,"Joseph Kofi",Male,"Ashanti","Sekyere South","Apetebi",,,22,,6,[],Active,2026-02-21T21:43:26.311Z,false,2026-02-21T21:43:26.311Z,2026-02-21T21:43:26.311Z
98984741-ce50-45bc-9798-0ab7532a0e6a,"Kobina",Male,"Ashanti","Sekyere South","Apetebi",,,22,,6,[],Active,2026-02-21T21:43:26.311Z,false,2026-02-21T21:43:26.311Z,2026-02-21T21:43:26.311Z
57d2c3cb-d386-4c28-8ec6-aa9cdb798f0c,"Kwame",Male,"Ashanti","Sekyere South","Apetebi",,,22,,3,[],Active,2026-02-21T21:43:26.311Z,false,2026-02-21T21:43:26.311Z,2026-02-21T21:43:26.311Z
36fac2ea-53e0-4cd2-a406-e54aa8952c4f,"Abigail",Female,"Ashanti","Sekyere South","Apetebi",,,22,,7,[],Active,2026-02-21T21:43:26.311Z,false,2026-02-21T21:43:26.311Z,2026-02-21T21:43:26.311Z
9ba31fdb-df6b-4099-9773-84fbbbcf62ca,"Joyce",Female,"Ashanti","Sekyere South","Apetebi",,,22,,6,[],Active,2026-02-21T21:43:26.311Z,false,2026-02-21T21:43:26.311Z,2026-02-21T21:43:26.311Z
40fe20be-e05d-44cf-8227-8a7f14c1551d,"Kwesi",Male,"Ashanti","Sekyere South","Apetebi",,,22,,9,[],Active,2026-02-21T21:43:26.311Z,false,2026-02-21T21:43:26.311Z,2026-02-21T21:43:26.311Z
2c44d5c8-29d3-477a-a5d5-5f47f9b481bd,"Efua",Female,"Ashanti","Sekyere South","Apetebi",,,22,,4,[],Active,2026-02-21T21:43:26.311Z,false,2026-02-21T21:43:26.311Z,2026-02-21T21:43:26.311Z
b532d29a-8ee0-4a2c-a949-da8d9e535b89,"Kwamena",Male,"Ashanti","Sekyere South","Apetebi",,,22,,6,[],Active,2026-02-21T21:43:26.311Z,false,2026-02-21T21:43:26.311Z,2026-02-21T21:43:26.311Z
af66ec85-5e2d-45cd-af59-dd0eb4353d55,"Sarah",Female,"Ashanti","Sekyere South","Apetebi",,,22,,7,[],Active,2026-02-21T21:43:26.311Z,false,2026-02-21T21:43:26.311Z,2026-02-21T21:43:26.311Z
3ab5ad6b-55a7-4a63-9644-606736d9115d,"Isaac",Male,"Ashanti","Sekyere South","Sekyere Adiembra",,,22,,7,[],Active,2026-02-21T21:43:26.311Z,false,2026-02-21T21:43:26.311Z,2026-02-21T21:43:26.311Z
2b11549d-6d0d-49bf-ad47-184770e1b135,"Georgina",Female,"Ashanti","Sekyere South","Sekyere Adiembra",,,22,,6,[],Active,2026-02-21T21:43:26.311Z,false,2026-02-21T21:43:26.311Z,2026-02-21T21:43:26.311Z
9882b0f0-16a6-4499-ab89-c279473b1a02,"Simon",Male,"Ashanti","Sekyere South","Sekyere Adiembra",,,22,,4,[],Active,2026-02-21T21:43:26.311Z,false,2026-02-21T21:43:26.311Z,2026-02-21T21:43:26.311Z
a8feae27-181f-409d-9711-dab1c9042c2c,"Albert",Male,"Ashanti","Sekyere South","Sekyere Adiembra",,,22,,3,[],Active,2026-02-21T21:43:26.311Z,false,2026-02-21T21:43:26.311Z,2026-02-21T21:43:26.311Z
6a447296-9a3d-428e-87fe-ed2607e7afd3,"Efua",Female,"Ashanti","Sekyere South","Sekyere Adiembra",,,22,,5,[],Active,2026-02-21T21:43:26.311Z,false,2026-02-21T21:43:26.311Z,2026-02-21T21:43:26.311Z
af553b52-be25-40cb-b533-2d81c60f60a5,"Efua",Female,"Ashanti","Sekyere South","Sekyere Adiembra",,,22,,3,[],Active,2026-02-21T21:43:26.311Z,false,2026-02-21T21:43:26.311Z,2026-02-21T21:43:26.311Z
1c7c481f-bfa8-4baf-a703-844f66c5d6ed,"Kofi",Male,"Ashanti","Sekyere South","Sekyere Adiembra",,,22,,8,[],Active,2026-02-21T21:43:26.311Z,false,2026-02-21T21:43:26.311Z,2026-02-21T21:43:26.311Z
8eba3674-abef-4505-878b-29fa7c6ce141,"Daniel",Male,"Ashanti","Sekyere South","Sekyere Adiembra",,,22,,2,[],Active,2026-02-21T21:43:26.311Z,false,2026-02-21T21:43:26.311Z,2026-02-21T21:43:26.311Z
3933d22e-c0b8-48f6-bf16-74350bda13ba,"Rita",Female,"Ashanti","Sekyere South","Sekyere Adiembra",,,22,,7,[],Active,2026-02-21T21:43:26.311Z,false,2026-02-21T21:43:26.311Z,2026-02-21T21:43:26.311Z
d1b1c12c-c7d1-46cb-9321-cd6bae1ce6e7,"Alex",Male,"Ashanti","Sekyere South","Sekyere Adiembra",,,22,,7,[],Active,2026-02-21T21:43:26.311Z,false,2026-02-21T21:43:26.311Z,2026-02-21T21:43:26.311Z
6780cf1a-2104-4a0a-bc0f-8f245e7f06ed,"Kofi",Male,"Ashanti","Sekyere South","Sekyere Adiembra",,,22,,7,[],Active,2026-02-21T21:43:26.311Z,false,2026-02-21T21:43:26.311Z,2026-02-21T21:43:26.311Z
dd6ad1be-f5a6-4984-9ad6-4cfffc9f3f02,"John",Male,"Ashanti","Sekyere South","Sekyere Adiembra",,,22,,4,[],Active,2026-02-21T21:43:26.311Z,false,2026-02-21T21:43:26.311Z,2026-02-21T21:43:26.311Z
fe95f38d-a874-4a0e-843f-d21c8c453c41,"Kofi",Male,"Ashanti","Sekyere South","Sekyere Adiembra",,,22,,5,[],Active,2026-02-21T21:43:26.311Z,false,2026-02-21T21:43:26.311Z,2026-02-21T21:43:26.311Z
2dfd5b4a-cff5-4935-acfc-fe80b62b5e7d,"Kofi",Male,"Ashanti","Sekyere South","Sekyere Adiembra",,,22,,6,[],Active,2026-02-21T21:43:26.311Z,false,2026-02-21T21:43:26.311Z,2026-02-21T21:43:26.311Z
8c8ac5db-fd5a-4b8c-9091-cef530474115,"Alex",Male,"Ashanti","Sekyere South","Sekyere Adiembra",,,22,,4,[],Active,2026-02-21T21:43:26.311Z,false,2026-02-21T21:43:26.311Z,2026-02-21T21:43:26.311Z
9d7ebfd4-49a3-4854-b31b-92a71b67fc91,"J.z.",Male,"Ashanti","Sekyere South","Sekyere Adiembra",,,22,,4,[],Active,2026-02-21T21:43:26.311Z,false,2026-02-21T21:43:26.311Z,2026-02-21T21:43:26.311Z
4bf1327f-b82f-4201-8234-d34269287521,"Kweku",Male,"Ashanti","Sekyere South","Sekyere Adiembra",,,22,,6,[],Active,2026-02-21T21:43:26.311Z,false,2026-02-21T21:43:26.311Z,2026-02-21T21:43:26.311Z
a97e6ecc-26d6-429e-b446-b815cb26803c,"Kojo",Male,"Ashanti","Sekyere South","Sekyere Adiembra",,,22,,7,[],Active,2026-02-21T21:43:26.311Z,false,2026-02-21T21:43:26.311Z,2026-02-21T21:43:26.311Z
9cf3b9c5-f308-467d-bcff-64f526cf6969,"Ama",Female,"Ashanti","Sekyere South","Sekyere Adiembra",,,22,,7,[],Active,2026-02-21T21:43:26.311Z,false,2026-02-21T21:43:26.311Z,2026-02-21T21:43:26.311Z
f429b371-697b-451c-92cd-ed14351665d8,"Elizabeth",Female,"Ashanti","Sekyere South","Sekyere Adiembra",,,22,,5,[],Active,2026-02-21T21:43:26.311Z,false,2026-02-21T21:43:26.311Z,2026-02-21T21:43:26.311Z
813a5d40-2665-4904-a551-e7aac12c667c,"Isaac",Male,"Ashanti","Sekyere South","Sekyere Adiembra",,,22,,6,[],Active,2026-02-21T21:43:26.311Z,false,2026-02-21T21:43:26.311Z,2026-02-21T21:43:26.311Z
4d96f18d-6b77-430c-9ef6-532cdb2cea99,"Adamu Asiedu",Male,"Ashanti","Sekyere South","Sekyere Adiembra",,,22,,4,[],Active,2026-02-21T21:43:26.311Z,false,2026-02-21T21:43:26.311Z,2026-02-21T21:43:26.311Z
21114e79-31bb-49b9-8107-d3bafb98b9af,"Kwesi",Male,"Ashanti","Sekyere South","Sekyere Adiembra",,,22,,3,[],Active,2026-02-21T21:43:26.311Z,false,2026-02-21T21:43:26.311Z,2026-02-21T21:43:26.311Z
31d940f1-76ac-4f13-b5c2-af32fb204132,"Danso",Male,"Ashanti","Sekyere South","Sekyere Adiembra",,,22,,6,[],Active,2026-02-21T21:43:26.311Z,false,2026-02-21T21:43:26.311Z,2026-02-21T21:43:26.311Z
81fed748-4cfa-4595-a1a6-c04ec54bcdb1,"Ebenezer",Male,"Ashanti","Sekyere South","Sekyere Adiembra",,,22,,6,[],Active,2026-02-21T21:43:26.311Z,false,2026-02-21T21:43:26.311Z,2026-02-21T21:43:26.311Z
ba1ca2a1-e63a-498a-b9d7-01b4479dc5a3,"Patience",Female,"Ashanti","Sekyere South","Sekyere Adiembra",,,22,,6,[],Active,2026-02-21T21:43:26.311Z,false,2026-02-21T21:43:26.311Z,2026-02-21T21:43:26.311Z
5975d304-5453-4dca-8918-2734bd54c57c,"Kweku",Male,"Ashanti","Sekyere South","Sekyere Adiembra",,,22,,6,[],Active,2026-02-21T21:43:26.311Z,false,2026-02-21T21:43:26.311Z,2026-02-21T21:43:26.311Z
53aa1be4-5a7a-4f7c-918d-93b904bc69c5,"Sarah",Female,"Ashanti","Sekyere South","Sekyere Adiembra",,,22,,6,[],Active,2026-02-21T21:43:26.311Z,false,2026-02-21T21:43:26.311Z,2026-02-21T21:43:26.311Z
abbcda55-46cc-496b-b0c5-be2f6cb63153,"Agnes",Female,"Ashanti","Sekyere South","Sekyere Adiembra",,,22,,5,[],Active,2026-02-21T21:43:26.311Z,false,2026-02-21T21:43:26.311Z,2026-02-21T21:43:26.311Z
04b7d910-cf01-4814-af84-7b5a793d1d62,"Hagar",Female,"Ashanti","Sekyere South","Sekyere Adiembra",,,22,,7,[],Active,2026-02-21T21:43:26.311Z,false,2026-02-21T21:43:26.311Z,2026-02-21T21:43:26.311Z
0dcc0d38-ff11-47cf-8df6-0aac56e81a54,"Gloria",Female,"Ashanti","Sekyere South","Sekyere Adiembra",,,22,,4,[],Active,2026-02-21T21:43:26.311Z,false,2026-02-21T21:43:26.311Z,2026-02-21T21:43:26.311Z
4867328e-20e4-4001-a9ca-26bc3614338a,"S.j.",Male,"Ashanti","Sekyere South","Sekyere Adiembra",,,22,,5,[],Active,2026-02-21T21:43:26.311Z,false,2026-02-21T21:43:26.311Z,2026-02-21T21:43:26.311Z
aeb0d965-841a-47eb-958f-c967103b82d4,"Samuel",Male,"Ashanti","Sekyere South","Sekyere Adiembra",,,22,,7,[],Active,2026-02-21T21:43:26.311Z,false,2026-02-21T21:43:26.311Z,2026-02-21T21:43:26.311Z
996e49cb-0b7c-4a44-8e02-3e71e657bd34,"Charles",Male,"Ashanti","Sekyere South","Sekyere Adiembra",,,22,,6,[],Active,2026-02-21T21:43:26.311Z,false,2026-02-21T21:43:26.311Z,2026-02-21T21:43:26.311Z
cc98447e-2237-45a6-b31b-d2c7b259e737,"Francis",Male,"Ashanti","Sekyere South","Sekyere Adiembra",,,22,,5,[],Active,2026-02-21T21:43:26.311Z,false,2026-02-21T21:43:26.311Z,2026-02-21T21:43:26.311Z
4c66bb23-aaf2-464f-b36e-bb948dca99ba,"Aba",Female,"Ashanti","Sekyere South","Sekyere Adiembra",,,22,,3,[],Active,2026-02-21T21:43:26.311Z,false,2026-02-21T21:43:26.311Z,2026-02-21T21:43:26.311Z
cb87a77d-9ae6-4f00-b71e-89854cca6be9,"Kwame",Male,"Ashanti","Sekyere South","Sekyere Adiembra",,,22,,5,[],Active,2026-02-21T21:43:26.311Z,false,2026-02-21T21:43:26.311Z,2026-02-21T21:43:26.311Z
8f16b031-b4f3-402d-af74-c8cfe6ba8f5b,"Maxwell",Male,"Ashanti","Sekyere South","Sekyere Adiembra",,,22,,5,[],Active,2026-02-21T21:43:26.311Z,false,2026-02-21T21:43:26.311Z,2026-02-21T21:43:26.311Z
fdb586d8-05bc-453a-b846-09be447e6539,"Adamu Asiedu",Male,"Ashanti","Sekyere South","Sekyere Adiembra",,,22,,2,[],Active,2026-02-21T21:43:26.311Z,false,2026-02-21T21:43:26.311Z,2026-02-21T21:43:26.311Z
bfb5b09f-11df-404d-970a-f388be78eef8,"Kwesi",Male,"Ashanti","Sekyere South","Sekyere Adiembra",,,22,,4,[],Active,2026-02-21T21:43:26.311Z,false,2026-02-21T21:43:26.311Z,2026-02-21T21:43:26.311Z
02de6eec-6fb7-49ed-82f3-fe168a98b1ff,"Kwofie Amoh",Male,"Ashanti","Sekyere South","Sekyere Adiembra",,,22,,5,[],Active,2026-02-21T21:43:26.311Z,false,2026-02-21T21:43:26.311Z,2026-02-21T21:43:26.311Z
14f24f52-ac1b-4ac1-a215-f3f191483595,"Kwao",Male,"Ashanti","Sekyere South","Sekyere Adiembra",,,22,,5,[],Active,2026-02-21T21:43:26.311Z,false,2026-02-21T21:43:26.311Z,2026-02-21T21:43:26.311Z
d9020a01-d2ed-404e-9e46-382443398de2,"Danso",Male,"Ashanti","Sekyere South","Sekyere Adiembra",,,22,,5,[],Active,2026-02-21T21:43:26.311Z,false,2026-02-21T21:43:26.311Z,2026-02-21T21:43:26.311Z
158f20b3-732f-4015-968e-9a05465b89fb,"Kobina",Male,"Ashanti","Sekyere South","Sekyere Adiembra",,,22,,4,[],Active,2026-02-21T21:43:26.311Z,false,2026-02-21T21:43:26.311Z,2026-02-21T21:43:26.311Z
9ff59edf-a76a-4b33-8230-1290d61975b8,"Idrisu",Male,"Ashanti","Sekyere South","Sekyere Adiembra",,,22,,4,[],Active,2026-02-21T21:43:26.311Z,false,2026-02-21T21:43:26.311Z,2026-02-21T21:43:26.311Z
18267edf-46b8-407f-83c9-4e31dabdae24,"Kojo",Male,"Ashanti","Sekyere South","Sekyere Adiembra",,,22,,2,[],Active,2026-02-21T21:43:26.311Z,false,2026-02-21T21:43:26.311Z,2026-02-21T21:43:26.311Z
23fff850-7673-4f8c-8715-3d2e32022113,"Patience",Female,"Ashanti","Sekyere South","Sekyere Adiembra",,,22,,7,[],Active,2026-02-21T21:43:26.311Z,false,2026-02-21T21:43:26.311Z,2026-02-21T21:43:26.311Z
cfeaaed7-ba3f-4d22-9934-c56750080d75,"Kofi",Female,"Ashanti","Sekyere South","Sekyere Adiembra",,,22,,5,[],Active,2026-02-21T21:43:26.311Z,false,2026-02-21T21:43:26.311Z,2026-02-21T21:43:26.311Z
20e8068c-edd6-452b-a313-177623a9e1fd,"Dauda",Male,"Ashanti","Sekyere South","Sekyere Adiembra",,,22,,7,[],Active,2026-02-21T21:43:26.311Z,false,2026-02-21T21:43:26.311Z,2026-02-21T21:43:26.311Z
48739b59-ffff-4332-b8e3-8466861cc027,"Abraham",Male,"Ashanti","Sekyere South","Sekyere Adiembra",,,22,,5,[],Active,2026-02-21T21:43:26.311Z,false,2026-02-21T21:43:26.311Z,2026-02-21T21:43:26.311Z
2facf4de-17ca-48c5-98a3-ba20aea2df4f,"John",Male,"Ashanti","Sekyere South","Sekyere Adiembra",,,22,,4,[],Active,2026-02-21T21:43:26.311Z,false,2026-02-21T21:43:26.311Z,2026-02-21T21:43:26.311Z
ee3486cd-8b5d-4ac7-bdf0-b0c8ffdbf870,"Kwesi",Male,"Ashanti","Sekyere South","Sekyere Abrodzewuram",,,22,,5,[],Active,2026-02-21T21:43:26.311Z,false,2026-02-21T21:43:26.311Z,2026-02-21T21:43:26.311Z
07986f9c-3d21-4b40-a775-b0810fe1a05b,"Peter",Male,"Ashanti","Sekyere South","Sekyere Abrodzewuram",,,22,,4,[],Active,2026-02-21T21:43:26.311Z,false,2026-02-21T21:43:26.311Z,2026-02-21T21:43:26.311Z
3ea90bf9-cefe-4c53-af17-6f3107117771,"Afua",Female,"Ashanti","Sekyere South","Sekyere Abrodzewuram",,,22,,9,[],Active,2026-02-21T21:43:26.311Z,false,2026-02-21T21:43:26.311Z,2026-02-21T21:43:26.311Z
dfb3cdf7-325f-444c-b525-f54f301aeb08,"Kobina",Male,"Ashanti","Sekyere South","Sekyere Abrodzewuram",,,22,,4,[],Active,2026-02-21T21:43:26.311Z,false,2026-02-21T21:43:26.311Z,2026-02-21T21:43:26.311Z
78d4e31d-2371-49bb-a10c-01b9c87c3283,"Joyce",Female,"Ashanti","Sekyere South","Sekyere Abrodzewuram",,,22,,4,[],Active,2026-02-21T21:43:26.311Z,false,2026-02-21T21:43:26.311Z,2026-02-21T21:43:26.311Z
d3cd34b3-6d5f-4065-9c30-01b3f2ff73b5,"Esi",Female,"Ashanti","Sekyere South","Sekyere Abrodzewuram",,,22,,5,[],Active,2026-02-21T21:43:26.311Z,false,2026-02-21T21:43:26.311Z,2026-02-21T21:43:26.311Z
6dc85cc3-bd4c-4703-9651-2193e786d484,"Emmanuel",Male,"Ashanti","Sekyere South","Sekyere Abrodzewuram",,,22,,6,[],Active,2026-02-21T21:43:26.311Z,false,2026-02-21T21:43:26.311Z,2026-02-21T21:43:26.311Z
53504b33-1a7f-4dd3-ba11-44a55c563cd0,"Agnes",Female,"Ashanti","Sekyere South","Sekyere Abrodzewuram",,,22,,5,[],Active,2026-02-21T21:43:26.311Z,false,2026-02-21T21:43:26.311Z,2026-02-21T21:43:26.311Z
f4b3d9bb-e572-4cc8-b86b-a91591b0e1ff,"Vida",Female,"Ashanti","Sekyere South","Sekyere Abrodzewuram",,,22,,6,[],Active,2026-02-21T21:43:26.311Z,false,2026-02-21T21:43:26.311Z,2026-02-21T21:43:26.311Z
48177d5a-7648-4783-a057-16fba5b9a7aa,"Kofi",Male,"Ashanti","Sekyere South","Sekyere Abrodzewuram",,,22,,7,[],Active,2026-02-21T21:43:26.311Z,false,2026-02-21T21:43:26.311Z,2026-02-21T21:43:26.311Z
e9b70513-f2c4-480f-a311-0e189a1e7c82,"Samuel",Male,"Ashanti","Sekyere South","Sekyere Abrodzewuram",,,22,,8,[],Active,2026-02-21T21:43:26.311Z,false,2026-02-21T21:43:26.311Z,2026-02-21T21:43:26.311Z
c14cc1ce-bd20-4aa7-8b1f-6ab0477c1ef4,"James",Male,"Ashanti","Sekyere South","Sekyere Abrodzewuram",,,22,,5,[],Active,2026-02-21T21:43:26.311Z,false,2026-02-21T21:43:26.311Z,2026-02-21T21:43:26.311Z
1c11a24d-e3ec-446d-9ba2-9f6ae06b6dd7,"Isaac",Male,"Ashanti","Sekyere South","Sekyere Abrodzewuram",,,22,,2,[],Active,2026-02-21T21:43:26.311Z,false,2026-02-21T21:43:26.311Z,2026-02-21T21:43:26.311Z
44c823e5-b056-4dc3-b160-7242a747ab77,"Afia",Female,"Ashanti","Sekyere South","Sekyere Abrodzewuram",,,22,,4,[],Active,2026-02-21T21:43:26.311Z,false,2026-02-21T21:43:26.311Z,2026-02-21T21:43:26.311Z
84d0edcd-c711-4262-bb79-34a4fb184c21,"Grace",Female,"Ashanti","Sekyere South","Sekyere Abrodzewuram",,,22,,4,[],Active,2026-02-21T21:43:26.311Z,false,2026-02-21T21:43:26.311Z,2026-02-21T21:43:26.311Z
0ec7158c-7b4d-4fed-9995-b3d5b5a80d41,"Atta",Female,"Ashanti","Sekyere South","Sekyere Abrodzewuram",,,22,,7,[],Active,2026-02-21T21:43:26.311Z,false,2026-02-21T21:43:26.311Z,2026-02-21T21:43:26.311Z
abd1b7d1-0cdf-47d1-8526-ed0a33b4ff01,"Agnes",Female,"Ashanti","Sekyere South","Sekyere Abrodzewuram",,,22,,4,[],Active,2026-02-21T21:43:26.311Z,false,2026-02-21T21:43:26.311Z,2026-02-21T21:43:26.311Z
1cb61e89-38c7-4436-adac-3be7fab0baa0,"Akua",Female,"Ashanti","Sekyere South","Sekyere Abrodzewuram",,,22,,6,[],Active,2026-02-21T21:43:26.311Z,false,2026-02-21T21:43:26.311Z,2026-02-21T21:43:26.311Z
7fbaac77-6c4c-4b6a-aa2a-c69448bd13ee,"Kweku",Male,"Ashanti","Sekyere South","Sekyere Abrodzewuram",,,22,,7,[],Active,2026-02-21T21:43:26.311Z,false,2026-02-21T21:43:26.311Z,2026-02-21T21:43:26.311Z
03c74c4f-6298-4ca2-9900-8462f68b4604,"Kobina",Male,"Ashanti","Sekyere South","Sekyere Abrodzewuram",,,22,,7,[],Active,2026-02-21T21:43:26.311Z,false,2026-02-21T21:43:26.311Z,2026-02-21T21:43:26.311Z
f08c8e20-3626-4953-8cee-0ac5842c6b22,"Akua",Female,"Ashanti","Sekyere South","Sekyere Abrodzewuram",,,22,,9,[],Active,2026-02-21T21:43:26.311Z,false,2026-02-21T21:43:26.311Z,2026-02-21T21:43:26.311Z
8d020eb3-4b66-41a7-9ef6-675631bf5144,"Georgina",Female,"Ashanti","Sekyere South","Sekyere Abrodzewuram",,,22,,3,[],Active,2026-02-21T21:43:26.311Z,false,2026-02-21T21:43:26.311Z,2026-02-21T21:43:26.311Z
06febbc3-2757-4264-8f98-20fdef452c43,"Kwame No. 2",Male,"Ashanti","Sekyere South","Sekyere Abrodzewuram",,,22,,7,[],Active,2026-02-21T21:43:26.311Z,false,2026-02-21T21:43:26.311Z,2026-02-21T21:43:26.311Z
27b8e495-5bfe-4dc7-836b-4ef82ef35c38,"Anthony",Male,"Ashanti","Sekyere South","Sekyere Abrodzewuram",,,22,,5,[],Active,2026-02-21T21:43:26.311Z,false,2026-02-21T21:43:26.311Z,2026-02-21T21:43:26.311Z
5442c9f7-b40c-4311-b6f0-1506aa9be364,"Adwoa",Female,"Ashanti","Sekyere South","Sekyere Abrodzewuram",,,22,,7,[],Active,2026-02-21T21:43:26.311Z,false,2026-02-21T21:43:26.311Z,2026-02-21T21:43:26.311Z
9a74d3db-b1b5-406f-a5ab-dc8b86b1c351,"Kofi",Male,"Ashanti","Sekyere South","Sekyere Abrodzewuram",,,22,,2,[],Active,2026-02-21T21:43:26.311Z,false,2026-02-21T21:43:26.311Z,2026-02-21T21:43:26.311Z
2cd93172-1025-41b0-b58c-909317843991,"Kweku",Male,"Ashanti","Sekyere South","Sekyere Abrodzewuram",,,22,,5,[],Active,2026-02-21T21:43:26.311Z,false,2026-02-21T21:43:26.311Z,2026-02-21T21:43:26.311Z
baaad0df-e39d-444a-b118-deb04c80fb42,"Ebenezer",Male,"Ashanti","Sekyere South","Sekyere Abrodzewuram",,,22,,5,[],Active,2026-02-21T21:43:26.311Z,false,2026-02-21T21:43:26.311Z,2026-02-21T21:43:26.311Z
7e771e35-a549-4e47-940e-08176cf531a7,"Yaw Christian",Male,"Ashanti","Sekyere South","Sekyere Abrodzewuram",,,22,,8,[],Active,2026-02-21T21:43:26.311Z,false,2026-02-21T21:43:26.311Z,2026-02-21T21:43:26.311Z
60758ddf-83ae-4644-890f-4a17ae25ed3c,"Yaw Emmanuel",Male,"Ashanti","Sekyere South","Sekyere Abrodzewuram",,,22,,1,[],Active,2026-02-21T21:43:26.311Z,false,2026-02-21T21:43:26.311Z,2026-02-21T21:43:26.311Z
2fc9d530-9272-4ccd-84ed-98168a050f3d,"Kweku John",Male,"Ashanti","Sekyere South","Sekyere Abrodzewuram",,,22,,7,[],Active,2026-02-21T21:43:26.311Z,false,2026-02-21T21:43:26.311Z,2026-02-21T21:43:26.311Z
28f22ae9-73e1-41a2-8712-76dd5db19ba1,"Eric",Male,"Ashanti","Sekyere South","Sekyere Abrodzewuram",,,22,,8,[],Active,2026-02-21T21:43:26.311Z,false,2026-02-21T21:43:26.311Z,2026-02-21T21:43:26.311Z
d8309cd8-362e-4a51-952c-6ab7dafe100d,"Victoria",Female,"Ashanti","Sekyere South","Sekyere Abrodzewuram",,,22,,5,[],Active,2026-02-21T21:43:26.311Z,false,2026-02-21T21:43:26.311Z,2026-02-21T21:43:26.311Z
9eb202b3-fe87-484b-becc-9af245c81647,"Lucas",Male,"Ashanti","Sekyere South","Sekyere Abrodzewuram",,,22,,7,[],Active,2026-02-21T21:43:26.311Z,false,2026-02-21T21:43:26.311Z,2026-02-21T21:43:26.311Z
e3c66b6f-613b-4b13-8145-acf00f9dab21,"Kofi Emmanuel",Male,"Ashanti","Sekyere South","Sekyere Abrodzewuram",,,22,,7,[],Active,2026-02-21T21:43:26.311Z,false,2026-02-21T21:43:26.311Z,2026-02-21T21:43:26.311Z
ee0d7f89-1cba-4d30-92a0-78faad1fc448,"Samuel",Male,"Ashanti","Sekyere South","Sekyere Abrodzewuram",,,22,,8,[],Active,2026-02-21T21:43:26.311Z,false,2026-02-21T21:43:26.311Z,2026-02-21T21:43:26.311Z
6a5b083d-3414-4199-9808-f667c1323192,"Boabeng",Male,"Ashanti","Sekyere South","Sekyere Abrodzewuram",,,22,,9,[],Active,2026-02-21T21:43:26.311Z,false,2026-02-21T21:43:26.311Z,2026-02-21T21:43:26.311Z
17aa418e-8c8f-4387-b814-271fcecc0e00,"Fredrick",Male,"Ashanti","Sekyere South","Sekyere Abrodzewuram",,,22,,8,[],Active,2026-02-21T21:43:26.311Z,false,2026-02-21T21:43:26.311Z,2026-02-21T21:43:26.311Z
25e66a1f-9fed-4d74-8e95-4389cd822bd7,"Kweku",Male,"Ashanti","Sekyere South","Sekyere Abrodzewuram",,,22,,5,[],Active,2026-02-21T21:43:26.311Z,false,2026-02-21T21:43:26.311Z,2026-02-21T21:43:26.311Z
7fef7fcc-3778-4621-9d13-2fe6128b81a0,"Mensah Omama",Male,"Ashanti","Sekyere South","Sekyere Abrodzewuram",,,22,,2,[],Active,2026-02-21T21:43:26.311Z,false,2026-02-21T21:43:26.311Z,2026-02-21T21:43:26.311Z
c5543794-6cd7-49ed-aa16-1482f841a728,"Akeleye",Male,"Ashanti","Sekyere South","Sekyere Abrodzewuram",,,22,,4,[],Active,2026-02-21T21:43:26.311Z,false,2026-02-21T21:43:26.311Z,2026-02-21T21:43:26.311Z
26de5ccf-d244-4ce3-9b62-c99733cf0a7d,"Akeleye",Male,"Ashanti","Sekyere South","Sekyere Abrodzewuram",,,22,,8,[],Active,2026-02-21T21:43:26.311Z,false,2026-02-21T21:43:26.311Z,2026-02-21T21:43:26.311Z
eec6e9f3-7cb3-4c64-9c69-100862c2985f,"Beyeden",Male,"Ashanti","Sekyere South","Sekyere Abrodzewuram",,,22,,7,[],Active,2026-02-21T21:43:26.311Z,false,2026-02-21T21:43:26.311Z,2026-02-21T21:43:26.311Z
e3903449-f24b-456c-a2bd-b782802916bd,"Nkrumah",Male,"Ashanti","Sekyere South","Sekyere Abrodzewuram",,,22,,4,[],Active,2026-02-21T21:43:26.311Z,false,2026-02-21T21:43:26.311Z,2026-02-21T21:43:26.311Z
6027b655-3cbb-4f24-b70c-80c7d1a6f51a,"Theophilus",Male,"Ashanti","Sekyere South","Sekyere Abrodzewuram",,,22,,7,[],Active,2026-02-21T21:43:26.311Z,false,2026-02-21T21:43:26.311Z,2026-02-21T21:43:26.311Z
f75450af-2ee6-47e2-af4d-fee86ea9be2c,"Frank",Male,"Ashanti","Sekyere South","Sekyere Abrodzewuram",,,22,,8,[],Active,2026-02-21T21:43:26.311Z,false,2026-02-21T21:43:26.311Z,2026-02-21T21:43:26.311Z
1321dbfc-4a9a-46a6-b1f6-9ed1a24249d2,"Philip",Male,"Ashanti","Sekyere South","Sekyere Abrodzewuram",,,22,,6,[],Active,2026-02-21T21:43:26.311Z,false,2026-02-21T21:43:26.311Z,2026-02-21T21:43:26.311Z
3f9bc145-4eb4-466e-9d34-11c17a9de05f,"Akua",Female,"Ashanti","Sekyere South","Sekyere Abrodzewuram",,,22,,9,[],Active,2026-02-21T21:43:26.311Z,false,2026-02-21T21:43:26.311Z,2026-02-21T21:43:26.311Z
44a14c3e-0370-4533-ab1c-08efb29c527e,"Kweku",Male,"Ashanti","Sekyere South","Sekyere Abrodzewuram",,,22,,3,[],Active,2026-02-21T21:43:26.311Z,false,2026-02-21T21:43:26.311Z,2026-02-21T21:43:26.311Z
2659d9f1-385a-438e-b167-fd8ec02c6a02,"Kwamina",Male,"Ashanti","Sekyere South","Sekyere Abrodzewuram",,,22,,8,[],Active,2026-02-21T21:43:26.311Z,false,2026-02-21T21:43:26.311Z,2026-02-21T21:43:26.311Z
200d177e-6b80-46d3-8963-8053c69563fc,"Isaac",Male,"Ashanti","Sekyere South","Sekyere Abrodzewuram",,,22,,5,[],Active,2026-02-21T21:43:26.311Z,false,2026-02-21T21:43:26.311Z,2026-02-21T21:43:26.311Z
b83dd41b-430f-44a5-b43a-96fce641a2d8,"Samuel",Male,"Ashanti","Sekyere South","Sekyere Abrodzewuram",,,22,,7,[],Active,2026-02-21T21:43:26.311Z,false,2026-02-21T21:43:26.311Z,2026-02-21T21:43:26.311Z
0e403422-ecc2-4a16-8006-85b35143fc3c,"Nancy",Female,"Ashanti","Sekyere South","Sekyere Abrodzewuram",,,22,,2,[],Active,2026-02-21T21:43:26.311Z,false,2026-02-21T21:43:26.311Z,2026-02-21T21:43:26.311Z
66387f95-ed98-4270-b8a5-2271c33e74b1,"Samuel Nana",Male,"Ashanti","Sekyere South","Saakye",,,22,,5,[],Active,2026-02-21T21:43:26.311Z,false,2026-02-21T21:43:26.311Z,2026-02-21T21:43:26.311Z
26a57563-f3e5-48b0-a594-421ab780e54b,"Jacob",Male,"Ashanti","Sekyere South","Saakye",,,22,,5,[],Active,2026-02-21T21:43:26.311Z,false,2026-02-21T21:43:26.311Z,2026-02-21T21:43:26.311Z
7df98398-8cea-4a55-a4ed-4ff263562ca9,"Noah",Male,"Ashanti","Sekyere South","Saakye",,,22,,8,[],Active,2026-02-21T21:43:26.311Z,false,2026-02-21T21:43:26.311Z,2026-02-21T21:43:26.311Z
154a0adc-59e1-4456-a36e-85d7d31199c6,"Rockson",Male,"Ashanti","Sekyere South","Saakye",,,22,,4,[],Active,2026-02-21T21:43:26.311Z,false,2026-02-21T21:43:26.311Z,2026-02-21T21:43:26.311Z
bea691fe-4d7a-4340-bf3a-928f32f6541c,"John",Male,"Ashanti","Sekyere South","Saakye",,,22,,6,[],Active,2026-02-21T21:43:26.311Z,false,2026-02-21T21:43:26.311Z,2026-02-21T21:43:26.311Z
d185e507-9564-4625-9d77-c0893966e7d1,"Samuel",Male,"Ashanti","Sekyere South","Saakye",,,22,,5,[],Active,2026-02-21T21:43:26.311Z,false,2026-02-21T21:43:26.311Z,2026-02-21T21:43:26.311Z
c8e2ddfd-afd5-4d13-bcd3-1e5c7d26d698,"Alex",Male,"Ashanti","Sekyere South","Saakye",,,22,,3,[],Active,2026-02-21T21:43:26.311Z,false,2026-02-21T21:43:26.311Z,2026-02-21T21:43:26.311Z
3ece5dcc-17c9-44bf-b888-3b4d3e4e74db,"Margreth",Female,"Ashanti","Sekyere South","Saakye",,,22,,5,[],Active,2026-02-21T21:43:26.311Z,false,2026-02-21T21:43:26.311Z,2026-02-21T21:43:26.311Z
a69da6d5-5506-4737-8e34-c01024a35f4d,"Solomon",Male,"Ashanti","Sekyere South","Saakye",,,22,,6,[],Active,2026-02-21T21:43:26.311Z,false,2026-02-21T21:43:26.311Z,2026-02-21T21:43:26.311Z
e53443b8-4fb1-4ed9-92e6-ebbb5029f549,"Janet",Female,"Ashanti","Sekyere South","Saakye",,,22,,5,[],Active,2026-02-21T21:43:26.311Z,false,2026-02-21T21:43:26.311Z,2026-02-21T21:43:26.311Z
34065707-18f7-4999-852f-1ebdcece4c49,"Faustina",Female,"Ashanti","Sekyere South","Saakye",,,22,,4,[],Active,2026-02-21T21:43:26.311Z,false,2026-02-21T21:43:26.311Z,2026-02-21T21:43:26.311Z
6d2915b3-16be-496e-9f2f-430c0624e495,"Aba",Female,"Ashanti","Sekyere South","Saakye",,,22,,7,[],Active,2026-02-21T21:43:26.311Z,false,2026-02-21T21:43:26.311Z,2026-02-21T21:43:26.311Z
921f4b9c-c163-4629-af54-aa655d6e5cdd,"Hayford",Male,"Ashanti","Sekyere South","Saakye",,,22,,9,[],Active,2026-02-21T21:43:26.311Z,false,2026-02-21T21:43:26.311Z,2026-02-21T21:43:26.311Z
dc069c6c-be12-4eb0-896c-23e247e03e84,"Samuel",Male,"Ashanti","Sekyere South","Saakye",,,22,,7,[],Active,2026-02-21T21:43:26.311Z,false,2026-02-21T21:43:26.311Z,2026-02-21T21:43:26.311Z
c862e19b-0083-4fa9-9282-8676bb99803f,"Kwame",Male,"Ashanti","Sekyere South","Saakye",,,22,,5,[],Active,2026-02-21T21:43:26.311Z,false,2026-02-21T21:43:26.311Z,2026-02-21T21:43:26.311Z
52deb0a5-94fc-4769-903d-4e654f6233af,"Sadick",Male,"Ashanti","Sekyere South","Saakye",,,22,,5,[],Active,2026-02-21T21:43:26.311Z,false,2026-02-21T21:43:26.311Z,2026-02-21T21:43:26.311Z
398f19ff-a5e8-4839-b6aa-8e92919f7d5b,"Benjamin",Male,"Ashanti","Sekyere South","Saakye",,,22,,5,[],Active,2026-02-21T21:43:26.311Z,false,2026-02-21T21:43:26.311Z,2026-02-21T21:43:26.311Z
b6ca21bf-88d5-4865-8cb5-777c99ee78ff,"Kojo",Male,"Ashanti","Sekyere South","Saakye",,,22,,4,[],Active,2026-02-21T21:43:26.311Z,false,2026-02-21T21:43:26.311Z,2026-02-21T21:43:26.311Z
91b1761a-9d9e-46e1-9baf-c10cf6fc8993,"Elizerberth",Female,"Ashanti","Sekyere South","Saakye",,,22,,4,[],Active,2026-02-21T21:43:26.311Z,false,2026-02-21T21:43:26.311Z,2026-02-21T21:43:26.311Z
7a7e9977-7af6-413b-a36b-600a356505bd,"Adjoa",Female,"Ashanti","Sekyere South","Saakye",,,22,,2,[],Active,2026-02-21T21:43:26.311Z,false,2026-02-21T21:43:26.311Z,2026-02-21T21:43:26.311Z
24690ebf-5376-4c7d-83db-b3e5edb49822,"Millicent",Female,"Ashanti","Sekyere South","Saakye",,,22,,5,[],Active,2026-02-21T21:43:26.311Z,false,2026-02-21T21:43:26.311Z,2026-02-21T21:43:26.311Z
8cb69526-650a-40b8-9643-a0d16521d371,"Agnes",Female,"Ashanti","Sekyere South","Saakye",,,22,,4,[],Active,2026-02-21T21:43:26.311Z,false,2026-02-21T21:43:26.311Z,2026-02-21T21:43:26.311Z
fb2f4f2f-d2b3-4628-8ec1-7054f650299f,"Kwesi",Male,"Ashanti","Sekyere South","Saakye",,,22,,5,[],Active,2026-02-21T21:43:26.311Z,false,2026-02-21T21:43:26.311Z,2026-02-21T21:43:26.311Z
04a297d3-2b84-4270-8cb1-b4915d3d43eb,"Simon",Male,"Ashanti","Sekyere South","Saakye",,,22,,6,[],Active,2026-02-21T21:43:26.311Z,false,2026-02-21T21:43:26.311Z,2026-02-21T21:43:26.311Z
2b75d3dc-1809-439e-b310-423b614629bc,"Angy",Female,"Ashanti","Sekyere South","Saakye",,,22,,7,[],Active,2026-02-21T21:43:26.311Z,false,2026-02-21T21:43:26.311Z,2026-02-21T21:43:26.311Z
9fe6643d-3d42-4367-a38e-f21ba57966cd,"Kojo",Male,"Ashanti","Sekyere South","Saakye",,,22,,8,[],Active,2026-02-21T21:43:26.311Z,false,2026-02-21T21:43:26.311Z,2026-02-21T21:43:26.311Z
c972e38a-c1e6-4061-aecc-3103c525e384,"Sampson",Male,"Ashanti","Sekyere South","Saakye",,,22,,2,[],Active,2026-02-21T21:43:26.311Z,false,2026-02-21T21:43:26.311Z,2026-02-21T21:43:26.311Z
25c3d8aa-3266-4cd5-baa9-63a44c5fbf39,"Elizerberth",Female,"Ashanti","Sekyere South","Saakye",,,22,,6,[],Active,2026-02-21T21:43:26.311Z,false,2026-02-21T21:43:26.311Z,2026-02-21T21:43:26.311Z
09bc3da0-ad83-4e2f-8bdb-314daadbcb94,"Adjoa",Female,"Ashanti","Sekyere South","Saakye",,,22,,6,[],Active,2026-02-21T21:43:26.311Z,false,2026-02-21T21:43:26.311Z,2026-02-21T21:43:26.311Z
e5bbf9e3-9101-4c0a-bc2d-ec397abb74f8,"Adjoa",Female,"Ashanti","Sekyere South","Saakye",,,22,,3,[],Active,2026-02-21T21:43:26.311Z,false,2026-02-21T21:43:26.311Z,2026-02-21T21:43:26.311Z
e254a0bf-1e8d-47b0-9711-8908f2492f3c,"Millicent",Female,"Ashanti","Sekyere South","Saakye",,,22,,7,[],Active,2026-02-21T21:43:26.311Z,false,2026-02-21T21:43:26.311Z,2026-02-21T21:43:26.311Z
027a343a-5fbb-4e67-afde-0e58a1147887,"Kwesi",Male,"Ashanti","Sekyere South","Saakye",,,22,,6,[],Active,2026-02-21T21:43:26.311Z,false,2026-02-21T21:43:26.311Z,2026-02-21T21:43:26.311Z
2f03ffd4-b93a-4e65-b7d5-f08fa0ac7ea2,"Kwabena",Male,"Ashanti","Sekyere South","Sekyere Obuase",,,22,,9,[],Active,2026-02-21T21:43:26.311Z,false,2026-02-21T21:43:26.311Z,2026-02-21T21:43:26.311Z
4d2a569b-de82-4a76-afd7-2cc33086278c,"Kwabena",Male,"Ashanti","Sekyere South","Sekyere Obuase",,,22,,4,[],Active,2026-02-21T21:43:26.311Z,false,2026-02-21T21:43:26.311Z,2026-02-21T21:43:26.311Z
27083762-8c36-4266-adc7-bfc1b572103a,"Augustine",Male,"Ashanti","Sekyere South","Sekyere Obuase",,,22,,6,[],Active,2026-02-21T21:43:26.311Z,false,2026-02-21T21:43:26.311Z,2026-02-21T21:43:26.311Z
9d4652c1-280e-4f62-b95d-d3802e5fd188,"Bernard",Male,"Ashanti","Sekyere South","Sekyere Obuase",,,22,,7,[],Active,2026-02-21T21:43:26.311Z,false,2026-02-21T21:43:26.311Z,2026-02-21T21:43:26.311Z
c4a1ed01-5020-421d-bf74-f9b85c84ec24,"Kofi",Male,"Ashanti","Sekyere South","Sekyere Obuase",,,22,,7,[],Active,2026-02-21T21:43:26.311Z,false,2026-02-21T21:43:26.311Z,2026-02-21T21:43:26.311Z
889a4ea1-e516-4290-b386-8910ae4e683e,"Kwaku",Male,"Ashanti","Sekyere South","Sekyere Obuase",,,22,,6,[],Active,2026-02-21T21:43:26.311Z,false,2026-02-21T21:43:26.311Z,2026-02-21T21:43:26.311Z
7a09f2cb-c75b-43d6-b52c-e1d155743604,"Francis",Male,"Ashanti","Sekyere South","Sekyere Obuase",,,22,,4,[],Active,2026-02-21T21:43:26.311Z,false,2026-02-21T21:43:26.311Z,2026-02-21T21:43:26.311Z
639ba377-3e09-4c30-a80d-2ce3ed060e77,"Daniel",Male,"Ashanti","Sekyere South","Sekyere Obuase",,,22,,3,[],Active,2026-02-21T21:43:26.311Z,false,2026-02-21T21:43:26.311Z,2026-02-21T21:43:26.311Z
d2e82028-c913-4162-b51b-5d046ec7f2b3,"Agnes",Female,"Ashanti","Sekyere South","Sekyere Obuase",,,22,,5,[],Active,2026-02-21T21:43:26.311Z,false,2026-02-21T21:43:26.311Z,2026-02-21T21:43:26.311Z
e8559be8-904c-4a48-bb95-cac0d6ed0499,"Ama",Female,"Ashanti","Sekyere South","Sekyere Obuase",,,22,,3,[],Active,2026-02-21T21:43:26.311Z,false,2026-02-21T21:43:26.311Z,2026-02-21T21:43:26.311Z
2b3de471-33e9-400b-9879-01f32e801587,"Abena",Female,"Ashanti","Sekyere South","Sekyere Obuase",,,22,,8,[],Active,2026-02-21T21:43:26.311Z,false,2026-02-21T21:43:26.311Z,2026-02-21T21:43:26.311Z
4d9153d2-90ea-44f4-abe4-d9eef228aaf4,"Vida",Female,"Ashanti","Sekyere South","Sekyere Obuase",,,22,,2,[],Active,2026-02-21T21:43:26.311Z,false,2026-02-21T21:43:26.311Z,2026-02-21T21:43:26.311Z
67f090bd-db5c-4b25-8a06-e6ffb2a57296,"Kate",Female,"Ashanti","Sekyere South","Sekyere Obuase",,,22,,7,[],Active,2026-02-21T21:43:26.311Z,false,2026-02-21T21:43:26.311Z,2026-02-21T21:43:26.311Z
6273ad5e-8db1-49f7-bf3e-664cbc9de03c,"Grace",Female,"Ashanti","Sekyere South","Sekyere Obuase",,,22,,7,[],Active,2026-02-21T21:43:26.311Z,false,2026-02-21T21:43:26.311Z,2026-02-21T21:43:26.311Z
b738691d-cb61-4397-a4b2-aa99125b616a,"Abena",Female,"Ashanti","Sekyere South","Sekyere Obuase",,,22,,7,[],Active,2026-02-21T21:43:26.311Z,false,2026-02-21T21:43:26.311Z,2026-02-21T21:43:26.311Z
45ceb616-7827-4df6-8edf-4d9762361e00,"Enock",Male,"Ashanti","Sekyere South","Sekyere Obuase",,,22,,4,[],Active,2026-02-21T21:43:26.311Z,false,2026-02-21T21:43:26.311Z,2026-02-21T21:43:26.311Z
944b47b0-68c5-4a8c-8536-c968512d2ab6,"Nana",Female,"Ashanti","Sekyere South","Sekyere Obuase",,,22,,5,[],Active,2026-02-21T21:43:26.311Z,false,2026-02-21T21:43:26.311Z,2026-02-21T21:43:26.311Z
37776761-8481-4bdf-9c1b-296fdad1473b,"Abena",Female,"Ashanti","Sekyere South","Sekyere Obuase",,,22,,6,[],Active,2026-02-21T21:43:26.311Z,false,2026-02-21T21:43:26.311Z,2026-02-21T21:43:26.311Z
a2a4f0a2-548a-48e8-824b-105636b8424e,"Efua",Female,"Ashanti","Sekyere South","Sekyere Obuase",,,22,,4,[],Active,2026-02-21T21:43:26.311Z,false,2026-02-21T21:43:26.311Z,2026-02-21T21:43:26.311Z
c64b0ac0-7c83-4981-9781-b2b6a8fbb9b7,"Yaa",Female,"Ashanti","Sekyere South","Sekyere Obuase",,,22,,4,[],Active,2026-02-21T21:43:26.311Z,false,2026-02-21T21:43:26.311Z,2026-02-21T21:43:26.311Z
c742248a-f749-4967-9bc2-5614d3500074,"John",Male,"Ashanti","Sekyere South","Sekyere Obuase",,,22,,6,[],Active,2026-02-21T21:43:26.311Z,false,2026-02-21T21:43:26.311Z,2026-02-21T21:43:26.311Z
7a380e07-20ad-4e4e-b639-378b3373dcca,"Hannah",Female,"Ashanti","Sekyere South","Sekyere Obuase",,,22,,7,[],Active,2026-02-21T21:43:26.311Z,false,2026-02-21T21:43:26.311Z,2026-02-21T21:43:26.311Z
1ccab73d-71c3-409a-8e88-d0c6d838270e,"Dominic",Male,"Ashanti","Sekyere South","Sekyere Obuase",,,22,,7,[],Active,2026-02-21T21:43:26.311Z,false,2026-02-21T21:43:26.311Z,2026-02-21T21:43:26.311Z
8ebe7d70-5c5b-42a2-b007-03323a383584,"Justice",Male,"Ashanti","Sekyere South","Sekyere Obuase",,,22,,5,[],Active,2026-02-21T21:43:26.311Z,false,2026-02-21T21:43:26.311Z,2026-02-21T21:43:26.311Z
ed071c0a-6e6f-44c1-b514-0caafab0085b,"Isaac",Male,"Ashanti","Sekyere South","Sekyere Obuase",,,22,,6,[],Active,2026-02-21T21:43:26.311Z,false,2026-02-21T21:43:26.311Z,2026-02-21T21:43:26.311Z
77d33c55-97ed-4fd9-b42b-c89d57bc239b,"Comfort",Female,"Ashanti","Sekyere South","Sekyere Obuase",,,22,,4,[],Active,2026-02-21T21:43:26.311Z,false,2026-02-21T21:43:26.311Z,2026-02-21T21:43:26.311Z
b91d5492-b384-481a-a208-78d24f60cbf8,"Patrick",Male,"Ashanti","Sekyere South","Sekyere Obuase",,,22,,3,[],Active,2026-02-21T21:43:26.311Z,false,2026-02-21T21:43:26.311Z,2026-02-21T21:43:26.311Z
3e1aa9ac-9ba6-4970-a03b-901e659015d7,"Kwesi",Male,"Ashanti","Sekyere South","Sekyere Obuase",,,22,,6,[],Active,2026-02-21T21:43:26.311Z,false,2026-02-21T21:43:26.311Z,2026-02-21T21:43:26.311Z
8ea4dd6d-a156-45ee-bd24-dc663293c5a1,"Faustina",Female,"Ashanti","Sekyere South","Sekyere Obuase",,,22,,6,[],Active,2026-02-21T21:43:26.311Z,false,2026-02-21T21:43:26.311Z,2026-02-21T21:43:26.311Z
8a0a95ad-48fa-4fcb-842f-21e82dc2ac2a,"Nang-yabit",Male,"Ashanti","Sekyere South","Sekyere Obuase",,,22,,6,[],Active,2026-02-21T21:43:26.311Z,false,2026-02-21T21:43:26.311Z,2026-02-21T21:43:26.311Z
1bc35d54-7b80-47a7-b028-56eb9563ff90,"Isaac Kwesi",Male,"Ashanti","Sekyere South","Sekyere Obuase",,,22,,6,[],Active,2026-02-21T21:43:26.311Z,false,2026-02-21T21:43:26.311Z,2026-02-21T21:43:26.311Z
605c408c-ebe3-46aa-9420-b4b50d023bd3,"Malachi",Male,"Ashanti","Sekyere South","Sekyere Nsuta",,,22,,6,[],Active,2026-02-21T21:43:26.311Z,false,2026-02-21T21:43:26.311Z,2026-02-21T21:43:26.311Z
dd876a43-04a9-4694-8e20-6cc2b9b4e4ea,"Ekua",Female,"Ashanti","Sekyere South","Sekyere Nsuta",,,22,,5,[],Active,2026-02-21T21:43:26.311Z,false,2026-02-21T21:43:26.311Z,2026-02-21T21:43:26.311Z
a38cf2fc-97ac-4e63-9148-4241b5a1e209,"Abena",Female,"Ashanti","Sekyere South","Sekyere Nsuta",,,22,,7,[],Active,2026-02-21T21:43:26.311Z,false,2026-02-21T21:43:26.311Z,2026-02-21T21:43:26.311Z
c3f9469a-e81b-4d1f-b6d5-231f4366b10a,"Kwame",Male,"Ashanti","Sekyere South","Sekyere Nsuta",,,22,,4,[],Active,2026-02-21T21:43:26.311Z,false,2026-02-21T21:43:26.311Z,2026-02-21T21:43:26.311Z
62f20996-48e5-4e1d-8d61-a0ac88006919,"James",Male,"Ashanti","Sekyere South","Sekyere Nsuta",,,22,,5,[],Active,2026-02-21T21:43:26.311Z,false,2026-02-21T21:43:26.311Z,2026-02-21T21:43:26.311Z
18a5c17c-131f-4a9c-bff3-5ad182d7c216,"Robert Kofi",Male,"Ashanti","Sekyere South","Sekyere Nsuta",,,22,,7,[],Active,2026-02-21T21:43:26.311Z,false,2026-02-21T21:43:26.311Z,2026-02-21T21:43:26.311Z
de720de2-9da7-422c-bb0f-0538a48573e0,"Mohamed",Male,"Ashanti","Sekyere South","Sekyere Nsuta",,,22,,6,[],Active,2026-02-21T21:43:26.311Z,false,2026-02-21T21:43:26.311Z,2026-02-21T21:43:26.311Z
f1ad50c4-cbb0-46c8-9c6c-430681a34ff6,"Emmanuel",Male,"Ashanti","Sekyere South","Sekyere Nsuta",,,22,,5,[],Active,2026-02-21T21:43:26.311Z,false,2026-02-21T21:43:26.311Z,2026-02-21T21:43:26.311Z
a9d5ea95-8d2e-4a2e-9fd5-ac8371ce0bbe,"Adjoa",Female,"Ashanti","Sekyere South","Sekyere Nsuta",,,22,,3,[],Active,2026-02-21T21:43:26.311Z,false,2026-02-21T21:43:26.311Z,2026-02-21T21:43:26.311Z
530c92ab-cc1e-479e-b2a0-4d6ae6a8c706,"Francis",Male,"Ashanti","Sekyere South","Sekyere Nsuta",,,22,,5,[],Active,2026-02-21T21:43:26.311Z,false,2026-02-21T21:43:26.311Z,2026-02-21T21:43:26.311Z
f28fce47-b7ef-440f-9d71-b68ad701c0bd,"Esi",Female,"Ashanti","Sekyere South","Sekyere Nsuta",,,22,,5,[],Active,2026-02-21T21:43:26.311Z,false,2026-02-21T21:43:26.311Z,2026-02-21T21:43:26.311Z
cbfd75c7-eda2-46ae-a16f-2e1b05392db4,"Isaac",Male,"Ashanti","Sekyere South","Sekyere Nsuta",,,22,,2,[],Active,2026-02-21T21:43:26.311Z,false,2026-02-21T21:43:26.311Z,2026-02-21T21:43:26.311Z
16724bb4-0679-4e66-bd6c-c9944bb004c7,"Bashiru",Female,"Ashanti","Sekyere South","Sekyere Nsuta",,,22,,4,[],Active,2026-02-21T21:43:26.311Z,false,2026-02-21T21:43:26.311Z,2026-02-21T21:43:26.311Z
c8699d07-34f6-47be-be6a-6ed4e3c87219,"Ali Mohammed",Male,"Ashanti","Sekyere South","Sekyere Nsuta",,,22,,5,[],Active,2026-02-21T21:43:26.311Z,false,2026-02-21T21:43:26.311Z,2026-02-21T21:43:26.311Z
7461914a-2be6-43fa-a8e6-46b41a31419c,"Gladys O. Asamoah",Male,"Ashanti","Sekyere South","Sekyere Nsuta",,,22,,5,[],Active,2026-02-21T21:43:26.311Z,false,2026-02-21T21:43:26.311Z,2026-02-21T21:43:26.311Z
ec75a636-2c4a-4505-a551-b99a32526c58,"Mantebea Aklo",Male,"Ashanti","Sekyere South","Sekyere Nsuta",,,22,,5,[],Active,2026-02-21T21:43:26.311Z,false,2026-02-21T21:43:26.311Z,2026-02-21T21:43:26.311Z
d3a9bda6-4775-4cde-84f6-a8123c535927,"Anthony Tetteh Dorh",Female,"Ashanti","Sekyere South","Sekyere Nsuta",,,22,,4,[],Active,2026-02-21T21:43:26.311Z,false,2026-02-21T21:43:26.311Z,2026-02-21T21:43:26.311Z
af8b911a-6907-434f-bdbc-010d43b450f9,"Teye Mensah",Male,"Ashanti","Sekyere South","Sekyere Nsuta",,,22,,4,[],Active,2026-02-21T21:43:26.311Z,false,2026-02-21T21:43:26.311Z,2026-02-21T21:43:26.311Z
e47c58e1-d9b3-4c5f-931e-4352d3f8cdf7,"Yaw Teye",Male,"Ashanti","Sekyere South","Sekyere Nsuta",,,22,,2,[],Active,2026-02-21T21:43:26.311Z,false,2026-02-21T21:43:26.311Z,2026-02-21T21:43:26.311Z
98fd667c-d702-45d7-9611-15480ea9c31f,"B. A. Naryeh",Male,"Ashanti","Sekyere South","Sekyere Nsuta",,,22,,7,[],Active,2026-02-21T21:43:26.311Z,false,2026-02-21T21:43:26.311Z,2026-02-21T21:43:26.311Z
dafd8459-7f0c-4b4d-bcbb-46764e954923,"Kwame Twumasi",Male,"Ashanti","Sekyere South","Sekyere Nsuta",,,22,,5,[],Active,2026-02-21T21:43:26.311Z,false,2026-02-21T21:43:26.311Z,2026-02-21T21:43:26.311Z
d0a94148-45ae-4e3b-a5d4-1a548294fd80,"Isaac Larbi",Male,"Ashanti","Sekyere South","Sekyere Nsuta",,,22,,7,[],Active,2026-02-21T21:43:26.311Z,false,2026-02-21T21:43:26.311Z,2026-02-21T21:43:26.311Z
26afb03c-863c-4189-ab8a-4690c5023c30,"R.offei",Male,"Ashanti","Sekyere South","Sekyere Nsuta",,,22,,5,[],Active,2026-02-21T21:43:26.311Z,false,2026-02-21T21:43:26.311Z,2026-02-21T21:43:26.311Z
629ea70b-a48b-4fd2-b470-64da92bde0fc,"Francis Larbi",Male,"Ashanti","Sekyere South","Sekyere Nsuta",,,22,,4,[],Active,2026-02-21T21:43:26.311Z,false,2026-02-21T21:43:26.311Z,2026-02-21T21:43:26.311Z
07f92382-27ca-4ff7-9a5e-b6fb35471c96,"Christina Sakyibea",Male,"Ashanti","Sekyere South","Sekyere Krobo Nyamebekyere",,,22,,5,[],Active,2026-02-21T21:43:26.311Z,false,2026-02-21T21:43:26.311Z,2026-02-21T21:43:26.311Z
bc8ab3e5-b47a-47d7-b2d2-379aea0d47bb,"Yaw Henaku",Male,"Ashanti","Sekyere South","Sekyere Krobo Nyamebekyere",,,22,,4,[],Active,2026-02-21T21:43:26.311Z,false,2026-02-21T21:43:26.311Z,2026-02-21T21:43:26.311Z
82ad9254-47ce-48c3-a439-387a4f44d969,"Emmanuel Adomako",Male,"Ashanti","Sekyere South","Sekyere Krobo Nyamebekyere",,,22,,9,[],Active,2026-02-21T21:43:26.311Z,false,2026-02-21T21:43:26.311Z,2026-02-21T21:43:26.311Z
93b8a91c-f6c5-4332-8156-002d5f24b74d,"Tetteh Larty",Male,"Ashanti","Sekyere South","Sekyere Krobo Nyamebekyere",,,22,,4,[],Active,2026-02-21T21:43:26.311Z,false,2026-02-21T21:43:26.311Z,2026-02-21T21:43:26.311Z
98854536-be19-4ce8-a728-dc86fe26b1da,"Kofi Djorboa",Male,"Ashanti","Sekyere South","Sekyere Krobo Nyamebekyere",,,22,,4,[],Active,2026-02-21T21:43:26.311Z,false,2026-02-21T21:43:26.311Z,2026-02-21T21:43:26.311Z
f392cd04-799e-449d-a689-a6701facac67,"William Nyamede",Male,"Ashanti","Sekyere South","Sekyere Krobo Nyamebekyere",,,22,,5,[],Active,2026-02-21T21:43:26.311Z,false,2026-02-21T21:43:26.311Z,2026-02-21T21:43:26.311Z
2c24850e-a4d7-471b-b0f1-d1d706f12b87,"Kwaku Aboagye",Male,"Ashanti","Sekyere South","Sekyere Krobo Nyamebekyere",,,22,,6,[],Active,2026-02-21T21:43:26.311Z,false,2026-02-21T21:43:26.311Z,2026-02-21T21:43:26.311Z
1fc422e6-1b85-4e06-a2de-0a0906cc9d0c,"Okyeame Asiam",Male,"Ashanti","Sekyere South","Sekyere Krobo Nyamebekyere",,,22,,5,[],Active,2026-02-21T21:43:26.311Z,false,2026-02-21T21:43:26.311Z,2026-02-21T21:43:26.311Z
5b58cfc2-eb2c-4076-8edf-e32e6bb7acb7,"Yaw Debrah",Male,"Ashanti","Sekyere South","Sekyere Krobo Nyamebekyere",,,22,,6,[],Active,2026-02-21T21:43:26.311Z,false,2026-02-21T21:43:26.311Z,2026-02-21T21:43:26.311Z
1139d518-619c-45b0-a95c-44af0e4e70cf,"Lydia Akomah",Male,"Ashanti","Sekyere South","Sekyere Krobo Nyamebekyere",,,22,,7,[],Active,2026-02-21T21:43:26.311Z,false,2026-02-21T21:43:26.311Z,2026-02-21T21:43:26.311Z
b577d8fc-f2da-48d0-bbfc-a09925a3299b,"Kofi Akwi",Male,"Ashanti","Sekyere South","Sekyere Krobo Nyamebekyere",,,22,,7,[],Active,2026-02-21T21:43:26.311Z,false,2026-02-21T21:43:26.311Z,2026-02-21T21:43:26.311Z
f038bf09-cfa4-4dca-af4c-a707cc6b3032,"Kwabena Ansah",Male,"Ashanti","Sekyere South","Sekyere Krobo Nyamebekyere",,,22,,8,[],Active,2026-02-21T21:43:26.311Z,false,2026-02-21T21:43:26.311Z,2026-02-21T21:43:26.311Z
5c504249-3ca4-4916-b7d4-1d6b4887ded7,"Kwadwo Boateng",Male,"Ashanti","Sekyere South","Sekyere Krobo Nyamebekyere",,,22,,5,[],Active,2026-02-21T21:43:26.311Z,false,2026-02-21T21:43:26.311Z,2026-02-21T21:43:26.311Z
cf11e3c9-8352-458e-877e-4e13bb617c08,"Edmond Lartey",Male,"Ashanti","Sekyere South","Sekyere Krobo Nyamebekyere",,,22,,2,[],Active,2026-02-21T21:43:26.311Z,false,2026-02-21T21:43:26.311Z,2026-02-21T21:43:26.311Z
9f4df021-645f-4ac6-95fc-f23790ea3bd6,"Kwasi Mpere",Male,"Ashanti","Sekyere South","Sekyere Krobo Nyamebekyere",,,22,,4,[],Active,2026-02-21T21:43:26.311Z,false,2026-02-21T21:43:26.311Z,2026-02-21T21:43:26.311Z
765b6e8e-7007-40be-b676-218a668eeb02,"Osumanu Mohammed",Male,"Ashanti","Sekyere South","Sekyere Krobo Nyamebekyere",,,22,,4,[],Active,2026-02-21T21:43:26.311Z,false,2026-02-21T21:43:26.311Z,2026-02-21T21:43:26.311Z
dd565456-3182-47db-9472-2ab8030a2892,"Beatrice Yeboah",Male,"Ashanti","Sekyere South","Sekyere Krobo Nyamebekyere",,,22,,7,[],Active,2026-02-21T21:43:26.311Z,false,2026-02-21T21:43:26.311Z,2026-02-21T21:43:26.311Z
3cf2031b-5a29-4eb4-a27b-338bad48b269,"Peter Larbi",Male,"Ashanti","Sekyere South","Sekyere Krobo Nyamebekyere",,,22,,4,[],Active,2026-02-21T21:43:26.311Z,false,2026-02-21T21:43:26.311Z,2026-02-21T21:43:26.311Z
3742c5d0-ce5c-480e-91ba-825fc8962d77,"Dora Obeng",Male,"Ashanti","Sekyere South","Sekyere Krobo Nyamebekyere",,,22,,6,[],Active,2026-02-21T21:43:26.311Z,false,2026-02-21T21:43:26.311Z,2026-02-21T21:43:26.311Z
8ab84a5c-1893-46fd-a8ca-1bcfb51bf34f,"Rebert Mensah",Male,"Ashanti","Sekyere South","Sekyere Krobo Nyamebekyere",,,22,,7,[],Active,2026-02-21T21:43:26.311Z,false,2026-02-21T21:43:26.311Z,2026-02-21T21:43:26.311Z
2e1a277a-4065-4905-a6ab-6546955178b5,"Yaw Fosu",Male,"Ashanti","Sekyere South","Sekyere Krobo Nyamebekyere",,,22,,7,[],Active,2026-02-21T21:43:26.311Z,false,2026-02-21T21:43:26.311Z,2026-02-21T21:43:26.311Z
ec340291-7361-48b9-a647-7223754a373e,"Amma Dapaah",Male,"Ashanti","Sekyere South","Sekyere Krobo Nyamebekyere",,,22,,9,[],Active,2026-02-21T21:43:26.311Z,false,2026-02-21T21:43:26.311Z,2026-02-21T21:43:26.311Z
708cf5c0-2faf-4257-9372-83f916c7429c,"Kwadwo Sarfo",Female,"Ashanti","Sekyere South","Sekyere Krobo Nyamebekyere",,,22,,3,[],Active,2026-02-21T21:43:26.311Z,false,2026-02-21T21:43:26.311Z,2026-02-21T21:43:26.311Z
1d15d46f-0641-4a62-a3fe-128e9ca13769,"Kwasi Bosompem",Female,"Ashanti","Sekyere South","Sekyere Krobo Nyamebekyere",,,22,,7,[],Active,2026-02-21T21:43:26.311Z,false,2026-02-21T21:43:26.311Z,2026-02-21T21:43:26.311Z
0e8825ee-9e62-476a-a207-12ac1014d2c6,"Nana Ayisi Larbi",Female,"Ashanti","Sekyere South","Sekyere Krobo Nyamebekyere",,,22,,5,[],Active,2026-02-21T21:43:26.311Z,false,2026-02-21T21:43:26.311Z,2026-02-21T21:43:26.311Z
8d9a90ff-a336-4601-b19e-c225624e75c5,"Kwasi Tabiri",Female,"Ashanti","Sekyere South","Sekyere Krobo Nyamebekyere",,,22,,7,[],Active,2026-02-21T21:43:26.311Z,false,2026-02-21T21:43:26.311Z,2026-02-21T21:43:26.311Z
2f9d3aac-bd9c-4f55-b7db-be3c1e155df5,"Owusu Atakora",Female,"Ashanti","Sekyere South","Sekyere Krobo Nyamebekyere",,,22,,2,[],Active,2026-02-21T21:43:26.311Z,false,2026-02-21T21:43:26.311Z,2026-02-21T21:43:26.311Z
7a144b51-499f-42ef-baf5-e5aca490ffcc,"Abigail Yaa",Female,"Ashanti","Sekyere South","Sekyere Krobo Nyamebekyere",,,22,,5,[],Active,2026-02-21T21:43:26.311Z,false,2026-02-21T21:43:26.311Z,2026-02-21T21:43:26.311Z
641c6a3c-bb8e-4d17-b707-d21aa862519f,"Emmanuel Tettey",Female,"Ashanti","Sekyere South","Sekyere Krobo Nyamebekyere",,,22,,5,[],Active,2026-02-21T21:43:26.311Z,false,2026-02-21T21:43:26.311Z,2026-02-21T21:43:26.311Z
a666c746-5d15-4f0a-b66c-f66e67aa72ad,"Kwadjo Obuobi",Male,"Ashanti","Sekyere South","Sekyere Krobo Nyamebekyere",,,22,,8,[],Active,2026-02-21T21:43:26.311Z,false,2026-02-21T21:43:26.311Z,2026-02-21T21:43:26.311Z
86dd289a-c730-41b5-b7ab-68c5d36f45dd,"Comfort Addo",Male,"Ashanti","Sekyere South","Sekyere Krobo Nyamebekyere",,,22,,1,[],Active,2026-02-21T21:43:26.311Z,false,2026-02-21T21:43:26.311Z,2026-02-21T21:43:26.311Z
efde22ad-9a6d-4c9b-b1a3-eb1206766424,"Kwasi Gyeke",Male,"Ashanti","Sekyere South","Sekyere Krobo Nyamebekyere",,,22,,7,[],Active,2026-02-21T21:43:26.311Z,false,2026-02-21T21:43:26.311Z,2026-02-21T21:43:26.311Z
1ecb40a0-c94d-421b-9845-610d54855efb,"Augustine Mesah",Male,"Ashanti","Sekyere South","Sekyere Krobo Nyamebekyere",,,22,,8,[],Active,2026-02-21T21:43:26.311Z,false,2026-02-21T21:43:26.311Z,2026-02-21T21:43:26.311Z
88960aec-f89a-4ac3-ba66-ea413c0f84fa,"Yaw Boamah",Male,"Ashanti","Sekyere South","Sekyere Krobo Nyamebekyere",,,22,,5,[],Active,2026-02-21T21:43:26.311Z,false,2026-02-21T21:43:26.311Z,2026-02-21T21:43:26.311Z
fd0901b6-a1a5-4898-8ebf-80e19f037b4b,"Tetteh Adarnor",Male,"Ashanti","Sekyere South","Sekyere Krobo Nyamebekyere",,,22,,7,[],Active,2026-02-21T21:43:26.311Z,false,2026-02-21T21:43:26.311Z,2026-02-21T21:43:26.311Z
18b59b3e-227d-4e0d-a216-b54c37bbe29f,"Shandrof Twumasi",Male,"Ashanti","Sekyere South","Sekyere Krobo Nyamebekyere",,,22,,7,[],Active,2026-02-21T21:43:26.311Z,false,2026-02-21T21:43:26.311Z,2026-02-21T21:43:26.311Z
cd06c735-01ca-4494-b15a-605b2777fac9,"Stenphen Asare",Male,"Ashanti","Sekyere South","Sekyere Krobo Nyamebekyere",,,22,,8,[],Active,2026-02-21T21:43:26.311Z,false,2026-02-21T21:43:26.311Z,2026-02-21T21:43:26.311Z
f1633a29-6c1c-41dc-ba24-5ebd16a29c5f,"Adjartey",Female,"Ashanti","Sekyere South","Sekyere Krobo Nyamebekyere",,,22,,9,[],Active,2026-02-21T21:43:26.311Z,false,2026-02-21T21:43:26.311Z,2026-02-21T21:43:26.311Z
433be755-f832-4964-a021-31b15906c8dc,"Lanor Opata",Male,"Ashanti","Sekyere South","Sekyere Krobo Unity",,,22,,8,[],Active,2026-02-21T21:43:26.311Z,false,2026-02-21T21:43:26.311Z,2026-02-21T21:43:26.311Z
b9d04f93-7e99-4b6f-a100-c73d8ea8c551,"Paul Gyaketey",Male,"Ashanti","Sekyere South","Sekyere Krobo Unity",,,22,,5,[],Active,2026-02-21T21:43:26.311Z,false,2026-02-21T21:43:26.311Z,2026-02-21T21:43:26.311Z
5670cb51-c519-45c2-ae19-3facf225cf8e,"Alidu Mamudu",Male,"Ashanti","Sekyere South","Sekyere Krobo Unity",,,22,,2,[],Active,2026-02-21T21:43:26.311Z,false,2026-02-21T21:43:26.311Z,2026-02-21T21:43:26.311Z
00e4c5a1-3fbc-4be8-aa77-00a4444f081e,"Fuda Mamudu",Male,"Ashanti","Sekyere South","Sekyere Krobo Unity",,,22,,4,[],Active,2026-02-21T21:43:26.311Z,false,2026-02-21T21:43:26.311Z,2026-02-21T21:43:26.311Z
c35d3c5f-8a1e-4137-82fb-23fe80e7a51e,"Agnes Mamle",Female,"Ashanti","Sekyere South","Sekyere Krobo Unity",,,22,,8,[],Active,2026-02-21T21:43:26.311Z,false,2026-02-21T21:43:26.311Z,2026-02-21T21:43:26.311Z
8d7d6969-6132-4912-91ee-e40a5d898db3,"Emmanuel Akomey",Male,"Ashanti","Sekyere South","Sekyere Krobo Unity",,,22,,7,[],Active,2026-02-21T21:43:26.311Z,false,2026-02-21T21:43:26.311Z,2026-02-21T21:43:26.311Z
703f6a0e-8256-49a7-8e55-9e32edbd67ce,"Lewis Dartey",Male,"Ashanti","Sekyere South","Sekyere Krobo Unity",,,22,,4,[],Active,2026-02-21T21:43:26.311Z,false,2026-02-21T21:43:26.311Z,2026-02-21T21:43:26.311Z
b419ca4e-5174-4016-8509-b7bdefe1dc7d,"Simon Tetteh",Male,"Ashanti","Sekyere South","Sekyere Krobo Unity",,,22,,7,[],Active,2026-02-21T21:43:26.311Z,false,2026-02-21T21:43:26.311Z,2026-02-21T21:43:26.311Z
1b690ede-9fdd-4a25-840a-420278c95c65,"Henry Tetteh",Male,"Ashanti","Sekyere South","Sekyere Krobo Unity",,,22,,8,[],Active,2026-02-21T21:43:26.311Z,false,2026-02-21T21:43:26.311Z,2026-02-21T21:43:26.311Z
4fc49f7c-a633-42bc-8ac9-3d94c1df6b85,"Tetteh Kwadjo",Male,"Ashanti","Sekyere South","Sekyere Krobo Unity",,,22,,6,[],Active,2026-02-21T21:43:26.311Z,false,2026-02-21T21:43:26.311Z,2026-02-21T21:43:26.311Z
ed93d59f-db89-4d5c-a70a-f4e3753e64fb,"Amanor Kwadjo",Female,"Ashanti","Sekyere South","Sekyere Krobo Unity",,,22,,9,[],Active,2026-02-21T21:43:26.311Z,false,2026-02-21T21:43:26.311Z,2026-02-21T21:43:26.311Z
dc4fb2e9-5e77-4342-9093-29df77c4f0ff,"Issaka Adams",Male,"Ashanti","Sekyere South","Sekyere Krobo Unity",,,22,,3,[],Active,2026-02-21T21:43:26.311Z,false,2026-02-21T21:43:26.311Z,2026-02-21T21:43:26.311Z
c169976d-5211-4ab8-a7c6-5c543cfe2302,"Peter Atter",Female,"Ashanti","Sekyere South","Sekyere Krobo Unity",,,22,,8,[],Active,2026-02-21T21:43:26.311Z,false,2026-02-21T21:43:26.311Z,2026-02-21T21:43:26.311Z
54762a8e-c0bb-4142-afa9-0157ff310da6,"Kwame Manu Kure",Male,"Ashanti","Sekyere South","Sekyere Krobo Unity",,,22,,5,[],Active,2026-02-21T21:43:26.311Z,false,2026-02-21T21:43:26.311Z,2026-02-21T21:43:26.311Z
234a9072-e188-4ab0-93a5-86dac0bca4f6,"Vincent Adjenti- Larbi",Male,"Ashanti","Sekyere South","Sekyere Krobo Unity",,,22,,7,[],Active,2026-02-21T21:43:26.311Z,false,2026-02-21T21:43:26.311Z,2026-02-21T21:43:26.311Z
38e42d9b-a3bc-4300-9ad0-852e20c418cb,"Eric Ahunu",Female,"Ashanti","Sekyere South","Sekyere Krobo Unity",,,22,,2,[],Active,2026-02-21T21:43:26.311Z,false,2026-02-21T21:43:26.311Z,2026-02-21T21:43:26.311Z
cb05c153-fe7b-4782-92d3-14d621100036,"Joseph Boafo",Female,"Ashanti","Sekyere South","Sekyere Krobo Unity",,,22,,5,[],Active,2026-02-21T21:43:26.311Z,false,2026-02-21T21:43:26.311Z,2026-02-21T21:43:26.311Z
cf6dee8d-3b1e-4ef3-9d2b-7b112639124f,"Seth Ofori",Male,"Ashanti","Sekyere South","Sekyere Krobo Unity",,,22,,5,[],Active,2026-02-21T21:43:26.311Z,false,2026-02-21T21:43:26.311Z,2026-02-21T21:43:26.311Z
20ff81d1-15c8-4f6a-b827-53149ca4fe02,"Ben Tetteh",Female,"Ashanti","Sekyere South","Sekyere Krobo Unity",,,22,,8,[],Active,2026-02-21T21:43:26.311Z,false,2026-02-21T21:43:26.311Z,2026-02-21T21:43:26.311Z
958aabd0-0bad-4774-a091-b1f09e89261c,"James K. Adjei",Male,"Ashanti","Sekyere South","Sekyere Krobo Unity",,,22,,4,[],Active,2026-02-21T21:43:26.311Z,false,2026-02-21T21:43:26.311Z,2026-02-21T21:43:26.311Z
34ddabcf-503f-4618-ab22-265a31ee63ff,"Michael K. Odonkor",Male,"Ashanti","Sekyere South","Sekyere Krobo Unity",,,22,,6,[],Active,2026-02-21T21:43:26.311Z,false,2026-02-21T21:43:26.311Z,2026-02-21T21:43:26.311Z
c54ce4a5-d8fa-4eb9-a62e-b3371182162d,"Korkor Narko",Male,"Ashanti","Sekyere South","Sekyere Krobo Unity",,,22,,5,[],Active,2026-02-21T21:43:26.311Z,false,2026-02-21T21:43:26.311Z,2026-02-21T21:43:26.311Z
da8602dd-ffaf-4f0b-aef0-c5f79be8438e,"Samuel Adamptey",Male,"Ashanti","Sekyere South","Sekyere Krobo Unity",,,22,,3,[],Active,2026-02-21T21:43:26.311Z,false,2026-02-21T21:43:26.311Z,2026-02-21T21:43:26.311Z
a883223e-1b3a-4ac0-891f-a9f463f3602d,"Reuben Ofori",Female,"Ashanti","Sekyere South","Sekyere Krobo Unity",,,22,,5,[],Active,2026-02-21T21:43:26.311Z,false,2026-02-21T21:43:26.311Z,2026-02-21T21:43:26.311Z
57c67c3f-9508-462d-bd9a-694f1ea6f47a,"John Tei Kuornu",Male,"Ashanti","Sekyere South","Sekyere Krobo Unity",,,22,,6,[],Active,2026-02-21T21:43:26.311Z,false,2026-02-21T21:43:26.311Z,2026-02-21T21:43:26.311Z
7d744c80-143b-4748-805c-7ce43f38737e,"Regina Dokua Ampaw",Male,"Ashanti","Sekyere South","Sekyere Krobo Unity",,,22,,5,[],Active,2026-02-21T21:43:26.311Z,false,2026-02-21T21:43:26.311Z,2026-02-21T21:43:26.311Z
d38d20e3-7219-4253-8974-b558c199db23,"Kenney Kwabena",Male,"Ashanti","Sekyere South","Sekyere Krobo Unity",,,22,,4,[],Active,2026-02-21T21:43:26.311Z,false,2026-02-21T21:43:26.311Z,2026-02-21T21:43:26.311Z
5508a129-a2d2-4af5-9b56-0180058573b6,"Alfred Kubi",Male,"Ashanti","Sekyere South","Sekyere Krobo Unity",,,22,,7,[],Active,2026-02-21T21:43:26.311Z,false,2026-02-21T21:43:26.311Z,2026-02-21T21:43:26.311Z
c23dea14-1f66-476e-b32f-acfb4f31279b,"Manubea Asamoah",Female,"Ashanti","Sekyere South","Sekyere Krobo Unity",,,22,,9,[],Active,2026-02-21T21:43:26.311Z,false,2026-02-21T21:43:26.311Z,2026-02-21T21:43:26.311Z
a9d7e24a-ccc3-400e-bf9e-f7eb6ed31a24,"Akosua Adomah",Female,"Ashanti","Sekyere South","Sekyere Krobo Unity",,,22,,7,[],Active,2026-02-21T21:43:26.311Z,false,2026-02-21T21:43:26.311Z,2026-02-21T21:43:26.311Z
726a644b-6ea6-4521-bda1-c9034940a56c,"Samuel Ahadzi",Male,"Ashanti","Sekyere South","Sekyere Krobo Unity",,,22,,5,[],Active,2026-02-21T21:43:26.311Z,false,2026-02-21T21:43:26.311Z,2026-02-21T21:43:26.311Z
2e7f3791-dbcf-4b11-afd9-bdf28b0fa91c,"Daniel Ofori",Female,"Ashanti","Sekyere South","Sekyere Krobo Unity",,,22,,5,[],Active,2026-02-21T21:43:26.311Z,false,2026-02-21T21:43:26.311Z,2026-02-21T21:43:26.311Z
a9178942-8c8f-42b8-8d30-16d02a910adc,"Daye. Kwao",Male,"Ashanti","Sekyere South","Sekyere Krobo Unity",,,22,,5,[],Active,2026-02-21T21:43:26.311Z,false,2026-02-21T21:43:26.311Z,2026-02-21T21:43:26.311Z
a58d6093-ccc8-44f5-a6fa-79eb399fc5f0,"Tei Francis",Female,"Ashanti","Sekyere South","Sekyere Krobo Unity",,,22,,4,[],Active,2026-02-21T21:43:26.311Z,false,2026-02-21T21:43:26.311Z,2026-02-21T21:43:26.311Z
f9c8044b-82ba-4a75-ab86-29e04a90586e,"Awuku Yaw",Male,"Ashanti","Sekyere South","Sekyere Krobo Unity",,,22,,4,[],Active,2026-02-21T21:43:26.311Z,false,2026-02-21T21:43:26.311Z,2026-02-21T21:43:26.311Z
d114c0c1-f87a-4a8b-a1a5-855c661139c7,"David D. Doller",Female,"Ashanti","Sekyere South","Sekyere Krobo Unity",,,22,,2,[],Active,2026-02-21T21:43:26.311Z,false,2026-02-21T21:43:26.311Z,2026-02-21T21:43:26.311Z
61cd9fd1-2322-4dc9-ba84-46317c1acabb,"Emmanuel",Male,"Ashanti","Sekyere South","Sekyere Krobo Unity",,,22,,5,[],Active,2026-02-21T21:43:26.311Z,false,2026-02-21T21:43:26.311Z,2026-02-21T21:43:26.311Z
cb4be749-8620-42c3-ab0d-b2668a1e7e95,"Aba Kilo",Female,"Ashanti","Sekyere South","Sekyere Krobo Unity",,,22,,4,[],Active,2026-02-21T21:43:26.311Z,false,2026-02-21T21:43:26.311Z,2026-02-21T21:43:26.311Z
3e1d7b4d-a64d-4eaa-af69-3ad51d9d26b6,"Sophia Philip",Female,"Ashanti","Sekyere South","Sekyere Krobo Unity",,,22,,5,[],Active,2026-02-21T21:43:26.311Z,false,2026-02-21T21:43:26.311Z,2026-02-21T21:43:26.311Z
3a626f3c-bfce-414f-9948-aa6be6314df4,"Comfort Adu",Female,"Ashanti","Sekyere South","Sekyere Krobo Unity",,,22,,6,[],Active,2026-02-21T21:43:26.311Z,false,2026-02-21T21:43:26.311Z,2026-02-21T21:43:26.311Z
d5e248d5-fdc4-4e37-a72e-dd1dbaa27a24,"Mary Oti",Female,"Ashanti","Sekyere South","Sekyere Krobo Unity",,,22,,7,[],Active,2026-02-21T21:43:26.311Z,false,2026-02-21T21:43:26.311Z,2026-02-21T21:43:26.311Z
d7e238c7-5621-4423-b25a-eaafeb1df2c7,"George Victor",Male,"Ashanti","Sekyere South","Sekyere Krobo Unity",,,22,,8,[],Active,2026-02-21T21:43:26.311Z,false,2026-02-21T21:43:26.311Z,2026-02-21T21:43:26.311Z
4e1d6b44-dc8d-4517-b7ac-f46e724bcba9,"Godwin Fred",Male,"Ashanti","Sekyere South","Sekyere Krobo Unity",,,22,,2,[],Active,2026-02-21T21:43:26.311Z,false,2026-02-21T21:43:26.311Z,2026-02-21T21:43:26.311Z
9493d7eb-2d9d-49c6-8757-0bd8434bd0f2,"Mary Oduame",Female,"Ashanti","Sekyere South","Sekyere Krobo Unity",,,22,,6,[],Active,2026-02-21T21:43:26.311Z,false,2026-02-21T21:43:26.311Z,2026-02-21T21:43:26.311Z
c3290e58-1955-4ba4-8651-d78adf1570c2,"Kwaku Odame",Male,"Ashanti","Sekyere South","Sekyere Krobo Unity",,,22,,6,[],Active,2026-02-21T21:43:26.311Z,false,2026-02-21T21:43:26.311Z,2026-02-21T21:43:26.311Z
2de9ba93-2133-4d1d-9c01-b85b9adf477d,"Comfort Abi",Female,"Ashanti","Sekyere South","Sekyere Krobo Unity",,,22,,3,[],Active,2026-02-21T21:43:26.311Z,false,2026-02-21T21:43:26.311Z,2026-02-21T21:43:26.311Z
bdf83bad-a6ca-45af-ae47-a82051f3152c,"Simon Nti",Male,"Ashanti","Sekyere South","Sekyere Krobo Unity",,,22,,7,[],Active,2026-02-21T21:43:26.311Z,false,2026-02-21T21:43:26.311Z,2026-02-21T21:43:26.311Z
